[Header],,,
Investigator Name,Eve Coomber,,
,,,
,,,
Experiment Name,Genie_T2_400,,
Date,,,
Workflow,GenerateFASTQ,,
Chemistry,Default,,
[Reads],,,
150,,,
150,,,
[Settings],,,
[Mainifest],,,
[Data],,,
Sample_ID,Sample_Name,index,index2
T12_F3_R1A1,T12_G1,ATCACGTT,CCTATCCT
T12_F3_R1A2,T12_G2,CGATGTTT,CCTATCCT
T12_F3_R1A3,T12_G3,TTAGGCAT,CCTATCCT
T12_F3_R1A4,T12_G4,TGACCACT,CCTATCCT
T12_F3_R1A5,T12_C1,ACAGTGGT,CCTATCCT
T12_F3_R1A6,T12_C2,GCCAATGT,CCTATCCT
T12_F3_R1A7,T12_C3,CAGATCTG,CCTATCCT
T12_F3_R1A8,T12_C4,ACTTGATG,CCTATCCT
T12_F3_R1A9,T12_C5,GATCAGCG,CCTATCCT
T12_F3_R1A10,T12_C6,TAGCTTGT,CCTATCCT
T12_F3_R1A11,T12_C7,GGCTACAG,CCTATCCT
T12_F3_R1A12,T12_C8,CTTGTACT,CCTATCCT
T13_F3_R1B1,T13_G1,TGGTTGTT,CCTATCCT
T13_F3_R1B2,T13_G2,TCTCGGTT,CCTATCCT
T13_F3_R1B3,T13_G3,TAAGCGTT,CCTATCCT
T13_F3_R1B4,T13_G4,TCCGTCTT,CCTATCCT
T13_F3_R1B5,T13_C1,TGTACCTT,CCTATCCT
T13_F3_R1B6,T13_C2,TTCTGTGT,CCTATCCT
T13_F3_R1B7,T13_C3,TCTGCTGT,CCTATCCT
T13_F3_R1B8,T13_C4,TTGGAGGT,CCTATCCT
T13_F3_R1B9,T13_C5,TCGAGCGT,CCTATCCT
T13_F3_R1B10,T13_C6,TGATACGT,CCTATCCT
T13_F3_R1B11,T13_C7,TGCATAGT,CCTATCCT
T13_F3_R1B12,T13_C8,TTGACTCT,CCTATCCT
T15_F3_R1C1,T15_G1,TGCGATCT,CCTATCCT
T15_F3_R1C2,T15_G2,TTCCTGCT,CCTATCCT
T15_F3_R1C3,T15_G3,TAGTGACT,CCTATCCT
T15_F3_R1C4,T15_G4,TACAGGAT,CCTATCCT
T15_F3_R1C5,T15_C1,TCCTCAAT,CCTATCCT
T15_F3_R1C6,T15_C2,TGTGGTTG,CCTATCCT
T15_F3_R1C7,T15_C3,TAGTCTTG,CCTATCCT
T15_F3_R1C8,T15_C4,TTCCATTG,CCTATCCT
T15_F3_R1C9,T15_C5,TCGAAGTG,CCTATCCT
T15_F3_R1C10,T15_C6,TAACGCTG,CCTATCCT
T15_F3_R1C11,T15_C7,TTGGTATG,CCTATCCT
T15_F3_R1C12,T15_C8,TGAACTGG,CCTATCCT
T16_F3_R1D1,T16_G1,TACTTCGG,CCTATCCT
T16_F3_R1D2,T16_G2,TCTCACGG,CCTATCCT
T16_F3_R1D3,T16_G3,TCAGGAGG,CCTATCCT
T16_F3_R1D4,T16_G4,TAAGTTCG,CCTATCCT
,,,
,,,
,,,
,,,
,,,
,,,
T17_F3_R2E1,T17_G1,TGTCTATC,CCTATCCT
T17_F3_R2E2,T17_G2,TATGTGGC,CCTATCCT
T17_F3_R2E3,T17_G3,TTACTCGC,CCTATCCT
T17_F3_R2E4,T17_G4,TCGTTAGC,CCTATCCT
T20_F3_R2E5,T20_C9,TACCGAGC,CCTATCCT
T20_F3_R2E6,T20_C10,TGTTCTCC,CCTATCCT
T20_F3_R2E7,T20_C11,TTCGCACC,CCTATCCT
T18_F3_R2G1,T18_G1,GCAACATT,CCTATCCT
T18_F3_R2G2,T18_G2,GGTCGTGT,CCTATCCT
T18_F3_R2G3,T18_G3,GAATCTGT,CCTATCCT
T18_F3_R2G4,T18_G4,GTACATCT,CCTATCCT
T18_F3_R2G5,T18_C1,GAGGTGCT,CCTATCCT
T18_F3_R2G6,T18_C2,GCATGGCT,CCTATCCT
T18_F3_R2G7,T18_C3,GTTAGCCT,CCTATCCT
T18_F3_R2G8,T18_C4,GTCGCTAT,CCTATCCT
T18_F3_R2G9,T18_C5,GGAATGAT,CCTATCCT
T18_F3_R2G10,T18_C6,GAGCCAAT,CCTATCCT
T18_F3_R2G11,T18_C7,GCTCCTTG,CCTATCCT
T18_F3_R2G12,T18_C8,GTAAGGTG,CCTATCCT
T19_F3_R2H1,T19_G1,GAGGATGG,CCTATCCT
T19_F3_R2H2,T19_G2,GTTGTCGG,CCTATCCT
T19_F3_R2H3,T19_G3,GGATTAGG,CCTATCCT
T19_F3_R2H4,T19_G4,GATAGAGG,CCTATCCT
T19_F3_R2H5,T19_C1,GTGTGTCG,CCTATCCT
T19_F3_R2H6,T19_C2,GCAATCCG,CCTATCCT
T19_F3_R2H7,T19_C3,GACCTTAG,CCTATCCT
T19_F3_R2H8,T19_C4,GCCTGTTC,CCTATCCT
T19_F3_R2H9,T19_C5,GCACTGTC,CCTATCCT
T19_F3_R2H10,T19_C6,GCTAACTC,CCTATCCT
T19_F3_R2H11,T19_C7,GATTCATC,CCTATCCT
T19_F3_R2H12,T19_C8,GTCTTGGC,CCTATCCT
T21_F1_R1A1,T21_G1,ATCACGTT,TATAGCCT
T21_F1_R1A2,T21_G2,CGATGTTT,TATAGCCT
T21_F1_R1A3,T21_G3,TTAGGCAT,TATAGCCT
T21_F1_R1A4,T21_G4,TGACCACT,TATAGCCT
T21_F1_R1A5,T21_C1,ACAGTGGT,TATAGCCT
T21_F1_R1A6,T21_C2,GCCAATGT,TATAGCCT
T21_F1_R1A7,T21_C3,CAGATCTG,TATAGCCT
T21_F1_R1A8,T21_C4,ACTTGATG,TATAGCCT
T21_F1_R1A9,T21_C5,GATCAGCG,TATAGCCT
T21_F1_R1A10,T21_C6,TAGCTTGT,TATAGCCT
T21_F1_R1A11,T21_C7,GGCTACAG,TATAGCCT
T21_F1_R1A12,T21_C8,CTTGTACT,TATAGCCT
T22_F1_R1B1,T22_G1,TGGTTGTT,TATAGCCT
T22_F1_R1B2,T22_G2,TCTCGGTT,TATAGCCT
T22_F1_R1B3,T22_G3,TAAGCGTT,TATAGCCT
T22_F1_R1B4,T22_G4,TCCGTCTT,TATAGCCT
T22_F1_R1B5,T22_C1,TGTACCTT,TATAGCCT
T22_F1_R1B6,T22_C2,TTCTGTGT,TATAGCCT
T22_F1_R1B7,T22_C3,TCTGCTGT,TATAGCCT
T22_F1_R1B8,T22_C4,TTGGAGGT,TATAGCCT
T22_F1_R1B9,T22_C5,TCGAGCGT,TATAGCCT
T22_F1_R1B10,T22_C6,TGATACGT,TATAGCCT
T22_F1_R1B11,T22_C7,TGCATAGT,TATAGCCT
T22_F1_R1B12,T22_C8,TTGACTCT,TATAGCCT
T23_F1_R1C1,T23_G1,TGCGATCT,TATAGCCT
T23_F1_R1C2,T23_G2,TTCCTGCT,TATAGCCT
T23_F1_R1C3,T23_G3,TAGTGACT,TATAGCCT
T23_F1_R1C4,T23_G4,TACAGGAT,TATAGCCT
T23_F1_R1C5,T23_C1,TCCTCAAT,TATAGCCT
T23_F1_R1C6,T23_C2,TGTGGTTG,TATAGCCT
T23_F1_R1C7,T23_C3,TAGTCTTG,TATAGCCT
T23_F1_R1C8,T23_C4,TTCCATTG,TATAGCCT
T23_F1_R1C9,T23_C5,TCGAAGTG,TATAGCCT
T23_F1_R1C10,T23_C6,TAACGCTG,TATAGCCT
T23_F1_R1C11,T23_C7,TTGGTATG,TATAGCCT
T23_F1_R1C12,T23_C8,TGAACTGG,TATAGCCT
T24_F2_R1D1,T24_G1,TACTTCGG,ATAGAGGC
T24_F2_R1D2,T24_G2,TCTCACGG,ATAGAGGC
T24_F2_R1D3,T24_G3,TCAGGAGG,ATAGAGGC
T24_F2_R1D4,T24_G4,TAAGTTCG,ATAGAGGC
T24_F2_R1D5,T24_C1,TCCAGTCG,ATAGAGGC
T24_F2_R1D6,T24_C2,TGTATGCG,ATAGAGGC
T24_F2_R1D7,T24_C3,TCATTGAG,ATAGAGGC
T24_F2_R1D8,T24_C4,TGGCTCAG,ATAGAGGC
T24_F2_R1D9,T24_C5,TATGCCAG,ATAGAGGC
T24_F2_R1D10,T24_C6,TCAGATTC,ATAGAGGC
T24_F2_R1D11,T24_C7,TACTAGTC,ATAGAGGC
T24_F2_R1D12,T24_C8,TTCAGCTC,ATAGAGGC
T25_F2_R2E1,T25_G1,TGTCTATC,ATAGAGGC
T25_F2_R2E2,T25_G2,TATGTGGC,ATAGAGGC
T25_F2_R2E3,T25_G3,TTACTCGC,ATAGAGGC
T25_F2_R2E4,T25_G4,TCGTTAGC,ATAGAGGC
T25_F2_R2E5,T25_C1,TACCGAGC,ATAGAGGC
T25_F2_R2E6,T25_C2,TGTTCTCC,ATAGAGGC
T25_F2_R2E7,T25_C3,TTCGCACC,ATAGAGGC
T25_F2_R2E8,T25_C4,TTGCGTAC,ATAGAGGC
T25_F2_R2E9,T25_C5,TCTACGAC,ATAGAGGC
T25_F2_R2E10,T25_C6,TGACAGAC,ATAGAGGC
T25_F2_R2E11,T25_C7,TAGAACAC,ATAGAGGC
T25_F2_R2E12,T25_C8,TCATCCTA,ATAGAGGC
T14_F2_R2G1,T14_G1,GCAACATT,ATAGAGGC
T14_F2_R2G2,T14_G2,GGTCGTGT,ATAGAGGC
T14_F2_R2G3,T14_G3,GAATCTGT,ATAGAGGC
T14_F2_R2G4,T14_G4,GTACATCT,ATAGAGGC
T14_F2_R2G5,T14_C1,GAGGTGCT,ATAGAGGC
T14_F2_R2G6,T14_C2,GCATGGCT,ATAGAGGC
T14_F2_R2G7,T14_C3,GTTAGCCT,ATAGAGGC
T14_F2_R2G8,T14_C4,GTCGCTAT,ATAGAGGC
T14_F2_R2G9,T14_C5,GGAATGAT,ATAGAGGC
T14_F2_R2G10,T14_C6,GAGCCAAT,ATAGAGGC
T14_F2_R2G11,T14_C7,GCTCCTTG,ATAGAGGC
T14_F2_R2G12,T14_C8,GTAAGGTG,ATAGAGGC
T20_F2_R2H1,T20_G1,GAGGATGG,ATAGAGGC
T20_F2_R2H2,T20_G2,GTTGTCGG,ATAGAGGC
T20_F2_R2H3,T20_G3,GGATTAGG,ATAGAGGC
T20_F2_R2H4,T20_G4,GATAGAGG,ATAGAGGC
T20_F2_R2H5,T20_C1,GTGTGTCG,ATAGAGGC
T20_F2_R2H6,T20_C2,GCAATCCG,ATAGAGGC
T20_F2_R2H7,T20_C3,GACCTTAG,ATAGAGGC
T20_F2_R2H8,T20_C4,GCCTGTTC,ATAGAGGC
T20_F2_R2H9,T20_C5,GCACTGTC,ATAGAGGC
T20_F2_R2H10,T20_C6,GCTAACTC,ATAGAGGC
T20_F2_R2H11,T20_C7,GATTCATC,ATAGAGGC
T20_F2_R2H12,T20_C8,GTCTTGGC,ATAGAGGC
