name	sequence_name	start	end	cut_site	highlight_site	wt_allele_profile	hdr_allele_profile	ref_sequence
ANKRD17	chr4_74033564_G_C__ANKRD17_haplotype_REF	1	382	113	112	---------------------------------------------------------------------------------------------------------------G------------------------------------------------------------------------------------------------------------------------------------------------------------------------------------------------------------------------------------------------------------------------------	---------------------------------------------------------------------------------------------------------------C------------------------------------------------------------------------------------------------------------------------------------------------------------------------------------------------------------------------------------------------------------------------------	CAAGACAGGACCGTGCACATGCCCTGATTATGTTTCCAAGTCTATTTGGTTAAGATCCTTTTAATAATCCATTCTAGAATTTTACCTTGGATGGAAATCAAGTTTAACCATGAATCCTTCAAATATTTAAATACCGGTTGGGCACAGTGGCTCAAGTCTGTAATCCCAGCACTTTGGGAGGCTGAGGTGGGTGGATCACGAGGTCAGGAGATCGACACCATCCTGGCTAACGCAGCGAAACCCCGTCTGTACTAAAAATACAAAAAATTAGCCAGGCATGGTGGCAGACGCCTGTAGTCCCAGCTACAGCAGGAGGCTGAAGCAGGAGAATGCCATGAACCCGGGAGGCGGAGCTTGCAGTGTTCGCTGCGTTAGCCAGGAT
BID	chr22_18252442_G_A__BID_haplotype_REF	1	193	84	81	--------------------------------------------------------------------------------G----------------------------------------------------------------------------------------------------------------	--------------------------------------------------------------------------------A----------------------------------------------------------------------------------------------------------------	AAGGAAGTGCCTGCTGGAAGGATCCTGGGGACAGTTGTTAAGGCAATTTTATCTTCTCATAGCATGCCTGCCTCAGTTCCGCAGCCAGGACGGTGCCTTACTGACTCCACACACAGAGGCAGCTGGGTCCAGGAGGCAGCCATCCCAAACGCAGTGACCTCCAGCACCCAAAGCTCAGAGTTCCCAGCTGAAC
BRAP	chr12_112092462_G_A__BRAP_haplotype_REF	1	162	41	46	---------------------------------------------G--------------------------------------------------------------------------------------------------------------------	---------------------------------------------A--------------------------------------------------------------------------------------------------------------------	GCCTAAAGCTGATGTTAAGCATTAATTTTTACAGACCTTGATTTTGCCCACTTACGGCATATCCAGAAACTGGGGCCCATGGCCCTGCCTGCTAAGCTCCAGGATATTCCTAGCCACCTCAGAGGTGGGCCCCAAGCCCAGCTCTGTACTGCCTATCTGAAG
C2CD5	chr12_22610292_G_C__C2CD5_haplotype_REF	1	285	115	120	-----------------------------------------------------------------------------------------------------------------------G---------------------------------------------------------------------------------------------------------------------------------------------------------------------	-----------------------------------------------------------------------------------------------------------------------C---------------------------------------------------------------------------------------------------------------------------------------------------------------------	TGGTGACAACATTCAGCTGTCTGTGAGGCTAAGCCATGTCATGAAAGAAAAGAAATTATCATGCACTGCATGCAATTAAAAAAGAGAGACAGAAAAACATGAGAGGAAATGCTGGAATGGAATTCTTTTGGAAGAAAAATGGCATTCCTGCAAAAGAAAATGTTGATGCAGTATAGCTACACACACAATGATTGGTTATAAAGTGAAGAAAAAGAAAAAGCGGCTGAGCATTAAAATTATCTGCTGTAGGAACAAATTATTACAAGGAGAGTGTGAAAGTTGTTC
CEP104	chr1_3738762_G_C__CEP104_haplotype_REF	1	247	157	161	----------------------------------------------------------------------------------------------------------------------------------------------------------------G--------------------------------------------------------------------------------------	----------------------------------------------------------------------------------------------------------------------------------------------------------------C--------------------------------------------------------------------------------------	TGCAACAACGTGCTGTCTGGGTTGGCTTCAACATTACACGAGAGGGGAGCACGTGGGGGCACGGGAGAAACAAGACGGGCTGAGTTGCTAGTTGCGCAAGCTCAGTGACCGTGACAAGGGAGAGTCCTGAGGGTTTCTGTCACTTTTCTGTGTACTCTGTGATGCATTTCAAACTCTGAGAGAGAGAGACTGACAGACAGACAGAGGGACACAGAGAGCCAGATAACTGGGTAGACACCAGCGCTGA
CUX1	chr7_101499930_G_A__CUX1_haplotype_REF	1	233	131	124	---------------------------------------------------------------------------------------------------------------------------G-------------------------------------------------------------------------------------------------------------	---------------------------------------------------------------------------------------------------------------------------A-------------------------------------------------------------------------------------------------------------	TCAGCGTGTCATGCGTTCCCCAGCCAGGACAGACAAAGCCACGCAATCTGTTTCCTGCAGGCCCAGAGGGGAAGGCTTCCTCCTTGTGGTTAGTGACTTCAAAAGCTGTCCTCACTAGAGCAAGTCCAACTCTTCCTCTAGTTCTGATGACTTCACGGCAGCCAACTGAGCTGCTGAACGCTGTTTTTTTCTATGCAGAAACCCTCCCGACTTTCACGAGGAGTTGACAGGTT
DLG4	chr17_7106378_G_A__DLG4_haplotype_REF	1	252	86	93	--------------------------------------------------------------------------------------------G---------------------------------------------------------------------------------------------------------------------------------------------------------------	--------------------------------------------------------------------------------------------A---------------------------------------------------------------------------------------------------------------------------------------------------------------	TAGGTAGACAACATCATACGTGTTCTTCAGGGCTGCCACAGCATCTTCATGCATGACGTCCTCTAGCCCCACACTGTTGACCTGGAGTCAAGGAAAGCAAAGCTCAGACAAAGCCACAAATGGCCCAAGACAGAAGCACTGGGGTGAAGTGATGAACTTGGGCCTGCCAGGGCTAGTAGGTGAGACCCAAATCTGGGCTAGAAAATGGGCTAGATGGAGTCCTCACCGCCAGGATCTTGTCTCCAATCTGCA
DNMT1	chr19_10334725_A_G__DNMT1_haplotype_REF	1	211	138	138	-----------------------------------------------------------------------------------------------------------------------------------------A-------------------------------------------------------------------------	-----------------------------------------------------------------------------------------------------------------------------------------G-------------------------------------------------------------------------	TGGAGCTGCGGAGTGGCAGGAGGTGGTGGCCCGGGGTCCCGCCCCGCCTCCGTCCTTGCACCCCCACCCCCGGCCGCCAGCACTGCAGCGGCCGAAGCACCTCCCGCCGCAGGTCCCGGCTGCGCCACGTGTAGATGACGGGGTTGAGCAGGGAATTCAGGGTGGAGACGGCGAAAAAGTAGTGGGCTTTGTAGAGGATCGGGCAGGAGTG
EPB41	chr1_29217311_G_A__EPB41_haplotype_REF	1	235	117	116	-------------------------------------------------------------------------------------------------------------------G-----------------------------------------------------------------------------------------------------------------------	-------------------------------------------------------------------------------------------------------------------A-----------------------------------------------------------------------------------------------------------------------	CGCTGCATTAACTCATTCAATCCTTACAATCTCATGAGGGAAATATTATCTTTGTTTTGCAGGAGTTTAGGGAGCTGAACAGACTTGACCAAAGTCACAAAGCTGGGAAGTGGCCGAGCTGGGATTTGAACTTAGGTTCAACTCCAAAGCCCAGACCTAACTAAGAGTGGGAGCCTCCACCCCACGGGTACTGAGGTGCCCACATTGCTCAGCCCTTACCTGTGGAACTGTTTGA
EROS	chr17_80407100_A_G__EROS_haplotype_REF	1	249	88	68	-------------------------------------------------------------------A-------------------------------------------------------------------------------------------------------------------------------------------------------------------------------------	-------------------------------------------------------------------G-------------------------------------------------------------------------------------------------------------------------------------------------------------------------------------	TGGAGAGCCTTACCAACCAGCAGGGACCAGGACCGGATGCCTGGAGCCCTCTTCAGATGGAGGCGGGAGCTGGTGCGGGTCTCCACCTGCAGGTACATCCCGAGAGGGCAGCACCACTCTCTACAGGAGGAGGGGTCTGGGAACAGACAGAGGCAGCTGAGCCCTTGGGCCTGCACACAGGCAGGCGCCCACGCCATCAGGCCCAGTCTGGAGGCCAAGAGCAGGTCCCCCAACTAAGTCACCTGCAGC
FOXP1	chr3_71355240_G_C__FOXP1_haplotype_REF	1	222	117	116	-------------------------------------------------------------------------------------------------------------------G----------------------------------------------------------------------------------------------------------	-------------------------------------------------------------------------------------------------------------------C----------------------------------------------------------------------------------------------------------	TTGGAAGCCTGCTGGCTCTCAGGGCTCCCAGGCTGGCGGCAGTGTGAGGAAGGACTGAAGGTATGTGGGCTAAACACAACAAAAGCCACTGCCTTACTCTAGATTAAATATGCAGGAAGAGGCCCCTTTGCATAAACACAAACACTCAGCAAATGAATAACTGGCTCAATCAGACGCCCGCTGTGCCTTCTACCTGTCCTCACTCTGACAGGAGACACTGCC
FUT8	chr14_66137037_A_C__FUT8_haplotype_REF	1	214	121	126	-----------------------------------------------------------------------------------------------------------------------------A----------------------------------------------------------------------------------------	-----------------------------------------------------------------------------------------------------------------------------C----------------------------------------------------------------------------------------	CTTACCGCTAGTCTAGTGCTTTTCTTTCTACAATCATGATCTTTAAGATCTAAAGTTGGGCTACCTTGTTAAAATTGTGGCTTTATTGTTTTGTAATCTTGGACAAGTTACTTAACCTAGGTCTTAGTTTCCTTATCAGTAAAATGAAGAGTAATCACTTTATTGAATTGTTGGTAGATTAAATGAAATAATATATGTAATGCACTTAGTACTG
GLMN	NA	1	NA	NA	NA	NA	NA	NA
KIF1B	chr1_10357806_G_C__KIF1B_haplotype_REF	1	362	111	94	---------------------------------------------------------------------------------------------G----------------------------------------------------------------------------------------------------------------------------------------------------------------------------------------------------------------------------------------------------------------------------	---------------------------------------------------------------------------------------------C----------------------------------------------------------------------------------------------------------------------------------------------------------------------------------------------------------------------------------------------------------------------------	CTCTGCTCTTGGGCTGACTTTGGGATTGTTCTTACGCTGGGCAGACTTTTTTTTTTTAAGTTAAACTGTGTCTAAAAGTGTTGCTGCACAGTTGCATGTGTTACTCCTTTCCTTATCCCCTGCATGGAGTCTGAATTCTCAATCAGGTTCTCAGTGGCATGTGTGGTAGCGGTGGGAGCAAAGGCTGCATACCCAGCCCGGACAGGACAGAAGGCTTGCTTCCTTTGAGGGAAGGAGGATTTGAGTGAGCAGCTGGAAAGTCTGTTTAAGGTCCCAGCTATTGATACAATACTAATGGCTTCAGCGTTTTATAATGGTAATTGATTTCCCAGATTTGATAGAAACTGGGTATGCAGCCTTTG
KLF16	chr19_1855583_C_T__KLF16_haplotype_REF	1	237	102	102	-----------------------------------------------------------------------------------------------------C---------------------------------------------------------------------------------------------------------------------------------------	-----------------------------------------------------------------------------------------------------T---------------------------------------------------------------------------------------------------------------------------------------	ACGGGACAGATGGCGCTGGGCAGGGGCGGGCCACCACCCGGCCACTTCCTCCACAGTCCCCTCCCACCGCCAAGGCCGGGCCTCGCCCATCCTGCCCCTAACCAGCCGTCACCATCTGGGCCTGCCTGTGCGCCTCCAGGCGGTGTGGGTCTTTGCTCTAGAACTGTGCCACCCGACCCCTTCCTTTAGCCGGGGTCTCACGCCCACAGCATGTGGCATCGTGATGTCAGCGTCTCC
LUC7L	chr16_277399_G_A__LUC7L_haplotype_REF	1	233	117	126	-----------------------------------------------------------------------------------------------------------------------------G-----------------------------------------------------------------------------------------------------------	-----------------------------------------------------------------------------------------------------------------------------A-----------------------------------------------------------------------------------------------------------	CAGAAGGTGACTCTTGCAGACACGGTCATCTGTAAACTTGACCCTCTGTCTGGTTTCGTCTCCTGAAATTCATTTGTGGTTTTAAATAAGACAATATTATCACATTAACCACCAAAAAATAACTAGTATAACAATTCACCTGGATGATTTGCAGACTATCATTTCTGTGTTCTCCCCATCAAATGCAATGAAAAGCTGATCTAAAGATATTTACAACTGGAGTGGAATACACA
NBN	chr8_90995426_C_T__NBN_haplotype_REF	1	188	147	143	----------------------------------------------------------------------------------------------------------------------------------------------C---------------------------------------------	----------------------------------------------------------------------------------------------------------------------------------------------T---------------------------------------------	TCTAACTATGGTGTTTCAGGAGTAACAACAACAAAATTTAAAATACAATAAAAAAGAGAAAAAGAAAAAAAGGTTATCTAAATAGATAGAAGGCTACATCATTTTTCTAAAGGGAAAGCAATGCTGAAAGGAGTCAATGTTCCCTCAAATTAACTTAAAAACTTAATGTATTACCTAGCAACAATCAC
NPRL3	chr16_155132_C_T__NPRL3_haplotype_REF	1	396	126	126	-----------------------------------------------------------------------------------------------------------------------------C------------------------------------------------------------------------------------------------------------------------------------------------------------------------------------------------------------------------------------------------------------------------------	-----------------------------------------------------------------------------------------------------------------------------T------------------------------------------------------------------------------------------------------------------------------------------------------------------------------------------------------------------------------------------------------------------------------	GAGCTTGCACTTCTATTTGCAAGGTGTTTAATGGTTTGGTCTGAAAACACTCTGGAGGAAAACACTGTCCTCCTCAAGACTTATCCAGCCCCTCACACAGCTCTGGGCCAGCCAAGAGGGCCCAGCCCAGTCTGTGACAGGAGATAGGTGCCCCAGCCAAAGCCCTGCATCCTGACAATGACTATGCAAAAGGGAATGGCTGGCTTCAAACACACTCTCGCCGTTCATCTCCAAGACAGAAATGTGCACAAGCTTAGTCTAGTCCCCTCAGCTTTTAGCATCTGAGAAAGCATCCATTCCTAACCTTAGAACTGGACAGGACCTGTGAAGCTATCCTGCAAACCTCTGCATCCTCTGGTCCCACGGATGGGCCTGGGCTTGTGCACATTTCTGTCT
NPRL3	NA	1	NA	NA	NA	NA	NA	NA
OVOL2	chr20_18031283_A_G__OVOL2_haplotype_REF	1	208	122	116	-------------------------------------------------------------------------------------------------------------------A--------------------------------------------------------------------------------------------	-------------------------------------------------------------------------------------------------------------------G--------------------------------------------------------------------------------------------	CCTATGTAGTCCTTTCCAACAATAAAAACCTACTTCACCTATATTCAAGTTTAACACCAGGCAATTAATACACATTGTTCTCATATTCCTCCTTTTCCCCCTTTTAATTAATTTAACCTTCATCAAGAATCCATTCCAAGCATTTTTCCAGTATCCCTTTTCTTCCTGCTTTCTGTGTTTTCCTTCAAATGCTATCACTCATGTCTGG
PLEKHG3	chr14_65209855_C_T__PLEKHG3_haplotype_REF	1	219	74	70	---------------------------------------------------------------------C-----------------------------------------------------------------------------------------------------------------------------------------------------	---------------------------------------------------------------------T-----------------------------------------------------------------------------------------------------------------------------------------------------	GAGATGTCACCACAGCGTTTCTTCTTCAACCCGTCTGCTGTCAGCCAGAGGACCACCTCGCCTGGGGGCCGGCCCTCCGCCCGGAGCCCCCTCAGCCCCACAGAGACCTTCAGCTGGCCCGACGTCCGTGAGCTCTGCTCCAAGTATGCCTCCCGCGATGAGGCACGCCGAGCAGGGGGCGGCCGGCCCCGCGGCCCACCCGTCAACAGGAGCCACTCG
QTRT1	NA	1	NA	NA	NA	NA	NA	NA
R3HDM4	chr19_906510_G_A__R3HDM4_haplotype_REF	1	367	100	99	--------------------------------------------------------------------------------------------------G----------------------------------------------------------------------------------------------------------------------------------------------------------------------------------------------------------------------------------------------------------------------------	--------------------------------------------------------------------------------------------------A----------------------------------------------------------------------------------------------------------------------------------------------------------------------------------------------------------------------------------------------------------------------------	GGTTTACCGTGTCAGCCAGAATGGTCTGGATCTCCTGACCTCGTGATCCGCTCACCTTGGCCTCCCAAAGTGCTGGGATTACGGGCATGAGCCACCGCGCCCGGCTCACCCTGCAACCTTTAACCTCAGCCCCCTCTCAAAAAGTGGGAACAAGTTGGTTTGGGAGGGGTACTCAGAGCCAAAAGGGCCTGGGATGAATTCCCCTCATCTCAGCTGCCACTTGCTTGTTTTCCTCCTATGATGGGGAACTCACCCCTCAGCCATGCCACACTGCTTTTGATCGTAAGTGTCGCTGGACTGAGTATTTTCCCCACATTGGGCTCATTTCCTGTCACCTGTGCTGTCCCCGACAAGCAAGTGGCAGCTG
SAV1	chr14_51132622_T_C__SAV1_haplotype_REF	1	348	161	156	-----------------------------------------------------------------------------------------------------------------------------------------------------------T------------------------------------------------------------------------------------------------------------------------------------------------------------------------------------------------	-----------------------------------------------------------------------------------------------------------------------------------------------------------C------------------------------------------------------------------------------------------------------------------------------------------------------------------------------------------------	TTGGTTTAGGATGGTACTTGGGCATTTTAAATTGAGGAAGATTAATATTTTCCCAATCAAATGAATGTATATAACTTGCATTAATGGACTATGCGTAAAAGCTCAGCTAGAATAAAATGTATTCTGCATACTACCATACATAATATGATAAAATATCAATAATCTTATCTATGAACTACACATTAATGAAATGCTCATGAATTAATGTATAAAAATAGGAAATAATATAACAAATTGATAGTTTCTAGTTAAGTAGTTTATTTTGTTGTTCTCACTTCATTTTAGAAACTGCCAAAAATCCTTCTTGAAGCAAACACAATTTCAAAAATAGAACTTAATGCTACTCCC
SH2B3	chr12_111844956_C_T__SH2B3_haplotype_REF	1	192	72	67	------------------------------------------------------------------C-----------------------------------------------------------------------------------------------------------------------------	------------------------------------------------------------------T-----------------------------------------------------------------------------------------------------------------------------	GACTGCATTTGAGGAACTGGAGAGGAGGGTCTGCCTGCCTGTCCCGCTTCTTTTTTTCTTTAGTTTCCTCATTCTCCTGTTTCTCTTCCCCATTCCCAGCCACAATGATGTAGGTGAGGAGGTCACTGCCTGCAGCTGGGGGCCTCCAGGGAGGGGCACGGCCAGGCTGGGCTGAGTGGGAGGAAGTGAAAT
SLC9A3R1	chr17_72758167_G_A__SLC9A3R1_haplotype_REF	1	230	23	22	---------------------G----------------------------------------------------------------------------------------------------------------------------------------------------------------------------------------------------------------	---------------------A----------------------------------------------------------------------------------------------------------------------------------------------------------------------------------------------------------------	TGCAGCGCGAGCTTCGGCCTCGGCTCTGTACCATGAAGAAGGGCCCCAGTGGCTATGGCTTCAACCTGCACAGCGACAAGTCCAAGCCAGGCCAGTTCATCCGGTCAGTGGACCCAGACTCCCCGGCTGAGGCTTCAGGGCTCCGGGCCCAGGATCGCATTGTGGAGGTGATGCTTCTCGCTCTCTTCCTATCTGACTGCCCCCACCCCCTGCAGATCAGCAGCACCTGG
STAT6	chr12_57498220_T_C__STAT6_haplotype_REF	1	281	140	141	--------------------------------------------------------------------------------------------------------------------------------------------T--------------------------------------------------------------------------------------------------------------------------------------------	--------------------------------------------------------------------------------------------------------------------------------------------C--------------------------------------------------------------------------------------------------------------------------------------------	CACTCCATGCTCTTGCTCACCCCCACTCACCCGGGCCCCAGTGTGCATGAATCCCAGACACATGGGGTATGGGGCAGTCACAAGAGGTGAGGGTCCAGGGCCCTTGTGTGTGGCATTGGAGGAGGACTCGGGGTCCCAGATTGGGGCAGGGCTGGGCCACGGTTCACCTGGAGCTGGATGGGGAGTTTGCCGGGGCCAAGTGTGAAGCTGGCAGAGAAGAGCACAGCGCACTTCTCCTCTGTGACAGACTCAGTGCCCTTCCGCTCACACCGCTTGATCTT
TNRC6A	chr16_24761046_G_A__TNRC6A_haplotype_REF	1	292	144	147	--------------------------------------------------------------------------------------------------------------------------------------------------G-------------------------------------------------------------------------------------------------------------------------------------------------	--------------------------------------------------------------------------------------------------------------------------------------------------A-------------------------------------------------------------------------------------------------------------------------------------------------	TCTCTAGAGCTCCACCAGAAAGGATGGTGCCTAAAACATCTATTTCAGACTGCTCTTATGTTTATTCTTGGGTGGGGTGGCTTTTGCTTTTGCTTATTCATTTGCTTTGAATAGAATAAAAAAGTAATAACCCTTTTTCCTGAAAGGTAATAACCTGTTTCCTGAAACACATTTGCGCAGTCTGTCACTTTGAAATCCTGAACCAGAGGTTCTGTTGACAACTTTAACCATTTGAGATTTTTAAAATTTAAACAAACTAATATGAAGAATACATTATTAGACCAGGCGTGGT
UBAC1	chr9_138824899_C_T__UBAC1_haplotype_REF	1	231	129	125	----------------------------------------------------------------------------------------------------------------------------C----------------------------------------------------------------------------------------------------------	----------------------------------------------------------------------------------------------------------------------------T----------------------------------------------------------------------------------------------------------	GGTTTCTTGTGCGGCACCAAGAAAAGACGAAGACAGGAAATAGGAAAAGGGACTTTATTAAAGAAAAGTCATCTGTGAGTGACTAGTTAAATTAGCATGCTTGACATTAACTCTGGGTTGAAACCTACCTCCGTCAAATAACAAGTGGACTCTCCAAGCAAATGTCTACACGGCAATTCAAGCAGCAACTCAAGAGCCCAGAGGAGCACTGGAGACGAGGCCATCACTCCA
UGCG	chr9_114663385_T_C__UGCG_haplotype_REF	1	230	129	128	-------------------------------------------------------------------------------------------------------------------------------T------------------------------------------------------------------------------------------------------	-------------------------------------------------------------------------------------------------------------------------------C------------------------------------------------------------------------------------------------------	TGGGACTACCGGTGCATGCCATCACGCCCAGCTAATTTTTGTCACCCAGGCTGGTCTCAAACTCCTGGGCTCAAGTGATCCCCCCACCTTGGCCTCCTGAAGTTCTGGGATTACGGGCGTGAGCCACTGCGCCCAACCCAAATATGCTATCTCTAATGTACAGCAACTTCAATACCTGATGCACAGTTTTTGAATGGAATTTGCATACTCATTGTGTCAGGATAACTGCG
ZNRF3	chr22_29450193_G_A__ZNRF3_haplotype_REF	1	293	100	104	-------------------------------------------------------------------------------------------------------G---------------------------------------------------------------------------------------------------------------------------------------------------------------------------------------------	-------------------------------------------------------------------------------------------------------A---------------------------------------------------------------------------------------------------------------------------------------------------------------------------------------------	GGCTTCACCTGCCTTAGAAAATGAACCAGAAACTTGAAGTAAAGCTAGTTGATAGGGGTACAGGCTCTGAGGAGCAGTGCAAAACTGCCTCTTTCTTTCTCGTGGCAAATCCCAATGTACACGATTTCAGGTCTCAGACGCCATGCCTCTCCAGCCCACGCCTTTAGGCAGGTGATGGCAGCAGCTAGGAATAGGGTGTACATGATCCACAGCCCTGCGGAGCCAGGTCAAGCCGCTGCTATGAAAGCTCCAGGGTGATGGGGACGATTCTGCCCAGTGTCCTCAGTCTGTCC
