chr	HGNC	VAR	id	START	END	FLAG	REF_sequence	ALT_sequence	seq_name
chr12	BRAP	chr12_112092462_G_A	rs184354242	112092211	112092712	NA	TGGGCTCCAGCAATTCTCCTGCCTCAGCCTCCTGAGTAGCTGGGATTACAGGCGCCTGCCACCACGCCCGACCAGTTTCTGCATTTTCAGTAGAGATTGGGTTTCGCCATGTTGGCCAGGCTGGCCTCAAACTCCTGACCTCAAGTGATCTGCCTGCCTCGGCCTCCCAAAGTGCTGGGATTACAGGTGTGAGCCACTACACCTGGCCTAAAGCTGATGTTAAGCATTAATTTTTACAGACCTTGATTTTGCCCACTTACGGCATATCCAGAAACTGGGGCCCATGGCCCTGCCTGCTAAGCTCCAGGATATTCCTAGCCACCTCAGAGGTGGGCCCCAAGCCCAGCTCTGTACTGCCTATCTGAAGGCCCAAGGATAGGTGGGGACTCACAAGGTTACTAAAGTAATCATTGAGAAATTTTACAAGATTTTATTTCATACTAAGGGAATCACTGAATTACAAACACTGTCCCTAGGTCCAAAGAAAGGTTCCTAGAGCCA	TGGGCTCCAGCAATTCTCCTGCCTCAGCCTCCTGAGTAGCTGGGATTACAGGCGCCTGCCACCACGCCCGACCAGTTTCTGCATTTTCAGTAGAGATTGGGTTTCGCCATGTTGGCCAGGCTGGCCTCAAACTCCTGACCTCAAGTGATCTGCCTGCCTCGGCCTCCCAAAGTGCTGGGATTACAGGTGTGAGCCACTACACCTGGCCTAAAGCTGATGTTAAGCATTAATTTTTACAGACCTTGATTTTACCCACTTACGGCATATCCAGAAACTGGGGCCCATGGCCCTGCCTGCTAAGCTCCAGGATATTCCTAGCCACCTCAGAGGTGGGCCCCAAGCCCAGCTCTGTACTGCCTATCTGAAGGCCCAAGGATAGGTGGGGACTCACAAGGTTACTAAAGTAATCATTGAGAAATTTTACAAGATTTTATTTCATACTAAGGGAATCACTGAATTACAAACACTGTCCCTAGGTCCAAAGAAAGGTTCCTAGAGCCA	chr12_112092462_G_A__BRAP_haplotype_REF
chr12	C2CD5	chr12_22610292_G_C	rs76639840	22610041	22610542	NA	AACGATTCCGGAAATTTCCATCACCCACTGGACTTGCTTTTTCAACTGTCATGGCTAAAATTGGAGAAAAATGAGAAAACATTCAGAACAGACGCTGGTAACACAATTATTCCCTGAGGTTTCCAAATAAGTGGTGACAACATTCAGCTGTCTGTGAGGCTAAGCCATGTCATGAAAGAAAAGAAATTATCATGCACTGCATGCAATTAAAAAAGAGAGACAGAAAAACATGAGAGGAAATGCTGGAATGGAATTCTTTTGGAAGAAAAATGGCATTCCTGCAAAAGAAAATGTTGATGCAGTATAGCTACACACACAATGATTGGTTATAAAGTGAAGAAAAAGAAAAAGCGGCTGAGCATTAAAATTATCTGCTGTAGGAACAAATTATTACAAGGAGAGTGTGAAAGTTGTTCTATTTCCCAGTGCAATTTTTCCATCTTTTTCAGACGACTTCATCATTGTCAACTTGTAGATAAACCTTATGTTATCTAGTTGTAA	AACGATTCCGGAAATTTCCATCACCCACTGGACTTGCTTTTTCAACTGTCATGGCTAAAATTGGAGAAAAATGAGAAAACATTCAGAACAGACGCTGGTAACACAATTATTCCCTGAGGTTTCCAAATAAGTGGTGACAACATTCAGCTGTCTGTGAGGCTAAGCCATGTCATGAAAGAAAAGAAATTATCATGCACTGCATGCAATTAAAAAAGAGAGACAGAAAAACATGAGAGGAAATGCTGGAATGCAATTCTTTTGGAAGAAAAATGGCATTCCTGCAAAAGAAAATGTTGATGCAGTATAGCTACACACACAATGATTGGTTATAAAGTGAAGAAAAAGAAAAAGCGGCTGAGCATTAAAATTATCTGCTGTAGGAACAAATTATTACAAGGAGAGTGTGAAAGTTGTTCTATTTCCCAGTGCAATTTTTCCATCTTTTTCAGACGACTTCATCATTGTCAACTTGTAGATAAACCTTATGTTATCTAGTTGTAA	chr12_22610292_G_C__C2CD5_haplotype_REF
chr12	SH2B3	chr12_111844956_C_T	rs540639423	111844705	111845206	NA	CTCTCACACCTCTTGCCTGGGGTTCCCTGGGAATCCCCCGACCAAAAAACGTCTGGAGTGGGTGTTGGTCTTCTAGATCCGCACGGTAGGGATGGTATTTCAGAGGTCTCTGATGCCTGGTGCAGAAATCCCCTTCCCTCCCTTCCCTCCCTCCGGCCAGGGGAGCTTTGTTTTGAGGGAGGGGGACTGCATTTGAGGAACTGGAGAGGAGGGTCTGCCTGCCTGTCCCGCTTCTTTTTTTCTTTAGTTTCCTCATTCTCCTGTTTCTCTTCCCCATTCCCAGCCACAATGATGTAGGTGAGGAGGTCACTGCCTGCAGCTGGGGGCCTCCAGGGAGGGGCACGGCCAGGCTGGGCTGAGTGGGAGGAAGTGAAATCTGGTGGGGGGTTCAGAGCAGAGGCCCCGGCAAGGCAATGTCGGCAAGGCCAGCTTTGGTGGCAGGAGGGACCGAGATCTGACCCGCAGCCCCTCGCCGGGGAGATGACAGTTCCCTAACACCGG	CTCTCACACCTCTTGCCTGGGGTTCCCTGGGAATCCCCCGACCAAAAAACGTCTGGAGTGGGTGTTGGTCTTCTAGATCCGCACGGTAGGGATGGTATTTCAGAGGTCTCTGATGCCTGGTGCAGAAATCCCCTTCCCTCCCTTCCCTCCCTCCGGCCAGGGGAGCTTTGTTTTGAGGGAGGGGGACTGCATTTGAGGAACTGGAGAGGAGGGTCTGCCTGCCTGTCCCGCTTCTTTTTTTCTTTAGTTTTCTCATTCTCCTGTTTCTCTTCCCCATTCCCAGCCACAATGATGTAGGTGAGGAGGTCACTGCCTGCAGCTGGGGGCCTCCAGGGAGGGGCACGGCCAGGCTGGGCTGAGTGGGAGGAAGTGAAATCTGGTGGGGGGTTCAGAGCAGAGGCCCCGGCAAGGCAATGTCGGCAAGGCCAGCTTTGGTGGCAGGAGGGACCGAGATCTGACCCGCAGCCCCTCGCCGGGGAGATGACAGTTCCCTAACACCGG	chr12_111844956_C_T__SH2B3_haplotype_REF
chr12	STAT6	chr12_57498220_T_C	rs201011002	57497969	57498470	NA	GTGTGTGTGCTGGCACGCATGTGCGTATGTATCATTTAATAGAGTGCCCTGGTCTATAGGAAGTGCTTCCGAAGTGTTTGCTGCTATCCACTACCATTCCCTGCCCTGTGCACTCCATGCTCTTGCTCACCCCCACTCACCCGGGCCCCAGTGTGCATGAATCCCAGACACATGGGGTATGGGGCAGTCACAAGAGGTGAGGGTCCAGGGCCCTTGTGTGTGGCATTGGAGGAGGACTCGGGGTCCCAGATTGGGGCAGGGCTGGGCCACGGTTCACCTGGAGCTGGATGGGGAGTTTGCCGGGGCCAAGTGTGAAGCTGGCAGAGAAGAGCACAGCGCACTTCTCCTCTGTGACAGACTCAGTGCCCTTCCGCTCACACCGCTTGATCTTCTTGAGAAGCTGTGGGTGGGGTGAGGGAGAGCAAGGGCGAGGTCATGAGGACAGAGACCGCTCCTCCTGGGCTTCCTGACATCCTCTCCAAGGAGAGTCCCACAGTCTCC	GTGTGTGTGCTGGCACGCATGTGCGTATGTATCATTTAATAGAGTGCCCTGGTCTATAGGAAGTGCTTCCGAAGTGTTTGCTGCTATCCACTACCATTCCCTGCCCTGTGCACTCCATGCTCTTGCTCACCCCCACTCACCCGGGCCCCAGTGTGCATGAATCCCAGACACATGGGGTATGGGGCAGTCACAAGAGGTGAGGGTCCAGGGCCCTTGTGTGTGGCATTGGAGGAGGACTCGGGGTCCCAGACTGGGGCAGGGCTGGGCCACGGTTCACCTGGAGCTGGATGGGGAGTTTGCCGGGGCCAAGTGTGAAGCTGGCAGAGAAGAGCACAGCGCACTTCTCCTCTGTGACAGACTCAGTGCCCTTCCGCTCACACCGCTTGATCTTCTTGAGAAGCTGTGGGTGGGGTGAGGGAGAGCAAGGGCGAGGTCATGAGGACAGAGACCGCTCCTCCTGGGCTTCCTGACATCCTCTCCAAGGAGAGTCCCACAGTCTCC	chr12_57498220_T_C__STAT6_haplotype_REF
chr14	FUT8	chr14_66137037_A_C	rs183228067	66136786	66137287	NA	ACATTTAATGAATAGTAATGTGACTAAGGTACTATACTAGGCATTATAAGCAGATAGAAACATCAGTAAGAAATTTCCTTTCTCTCCAAGGAAGTGGTGAAGGAGTAGAATATAGAAAAGAATTTCTTACCGCTAGTCTAGTGCTTTTCTTTCTACAATCATGATCTTTAAGATCTAAAGTTGGGCTACCTTGTTAAAATTGTGGCTTTATTGTTTTGTAATCTTGGACAAGTTACTTAACCTAGGTCTTAGTTTCCTTATCAGTAAAATGAAGAGTAATCACTTTATTGAATTGTTGGTAGATTAAATGAAATAATATATGTAATGCACTTAGTACTGATATATGAACTTATATCTAGTAATTTTTAGCTATTATGAATAGCCTTTATTCATTAAACAAATGTATAATGAGTGCCTACAGTGTGACAGATACTGAATTAAGTGATCAGGATAAATACTAAGCAAGACAGTACACATCCTCTGCACTCATATCTTGTGGGA	ACATTTAATGAATAGTAATGTGACTAAGGTACTATACTAGGCATTATAAGCAGATAGAAACATCAGTAAGAAATTTCCTTTCTCTCCAAGGAAGTGGTGAAGGAGTAGAATATAGAAAAGAATTTCTTACCGCTAGTCTAGTGCTTTTCTTTCTACAATCATGATCTTTAAGATCTAAAGTTGGGCTACCTTGTTAAAATTGTGGCTTTATTGTTTTGTAATCTTGGACAAGTTACTTAACCTAGGTCTTCGTTTCCTTATCAGTAAAATGAAGAGTAATCACTTTATTGAATTGTTGGTAGATTAAATGAAATAATATATGTAATGCACTTAGTACTGATATATGAACTTATATCTAGTAATTTTTAGCTATTATGAATAGCCTTTATTCATTAAACAAATGTATAATGAGTGCCTACAGTGTGACAGATACTGAATTAAGTGATCAGGATAAATACTAAGCAAGACAGTACACATCCTCTGCACTCATATCTTGTGGGA	chr14_66137037_A_C__FUT8_haplotype_REF
chr14	PLEKHG3	chr14_65209855_C_T	rs199994225	65209604	65210105	NA	CTTGCCTGGAAAGTGAGTTGGGGCCTGCTCAGAGCACCCCCTTGCAGCTCTGCCCTCCCGCCCCATGCTTCAGGCAGCTTGCTCTCTCCTCATAGGTAAGAGGAAGCCGGTGCTGTCTCTATTTGACTATGAGCAGCTGATGGCCCAGGAGCACAGCCCTCCCAAGCCCTCCTCGGCTGGGGAGATGTCACCACAGCGTTTCTTCTTCAACCCGTCTGCTGTCAGCCAGAGGACCACCTCGCCTGGGGGCCGGCCCTCCGCCCGGAGCCCCCTCAGCCCCACAGAGACCTTCAGCTGGCCCGACGTCCGTGAGCTCTGCTCCAAGTATGCCTCCCGCGATGAGGCACGCCGAGCAGGGGGCGGCCGGCCCCGCGGCCCACCCGTCAACAGGAGCCACTCGGTGCCGGAGAACATGGTAGAGCCACCTCTGTCGGGCAGGGTGGGCCGCTGCCGCAGCCTGAGCACCAAGAGGGGCCGGGGAGGCGGAGAGGCTGCCCAATC	CTTGCCTGGAAAGTGAGTTGGGGCCTGCTCAGAGCACCCCCTTGCAGCTCTGCCCTCCCGCCCCATGCTTCAGGCAGCTTGCTCTCTCCTCATAGGTAAGAGGAAGCCGGTGCTGTCTCTATTTGACTATGAGCAGCTGATGGCCCAGGAGCACAGCCCTCCCAAGCCCTCCTCGGCTGGGGAGATGTCACCACAGCGTTTCTTCTTCAACCCGTCTGCTGTCAGCCAGAGGACCACCTCGCCTGGGGGCTGGCCCTCCGCCCGGAGCCCCCTCAGCCCCACAGAGACCTTCAGCTGGCCCGACGTCCGTGAGCTCTGCTCCAAGTATGCCTCCCGCGATGAGGCACGCCGAGCAGGGGGCGGCCGGCCCCGCGGCCCACCCGTCAACAGGAGCCACTCGGTGCCGGAGAACATGGTAGAGCCACCTCTGTCGGGCAGGGTGGGCCGCTGCCGCAGCCTGAGCACCAAGAGGGGCCGGGGAGGCGGAGAGGCTGCCCAATC	chr14_65209855_C_T__PLEKHG3_haplotype_REF
chr14	SAV1	chr14_51132622_T_C	rs550463489	51132371	51132872	1_HET_polymorphism	TCATTAAGTAACAAAAGTTTTCGAAATTTGTTCATTTATGTCTACCACCCCAAAATCAAAATGTCAGTCAACTTAAGAAAACACAATTTTAAATTTTGGTTTAGGATGGTACTTGGGCATTTTAAATTGAGGAAGATTAATATTTTCCCAATCAAATGAATGTATATAACTTGCATTAATGGACTATGCGTAAAAGCTCAGCTAGAATAAAATGTATTCTGCATACTACCATACATAATATGATAAAATATCAATAATCTTATCTATGAACTACACATTAATGAAATGCTCATGAATTAATGTATAAAAATAGGAAATAATATAACAAATTGATAGTTTCTAGTTAAGTAGTTTATTTTGTTGTTCTCACTTCATTTTAGAAACTGCCAAAAATCCTTCTTGAAGCAAACACAATTTCAAAAATAGAACTTAATGCTACTCCCAAATATGTAAAAGTGGATTCCTTTAAAAATTAAAAAATTAGTAGCTCTTTCTTCTCTT	TCATTAAGTAACAAAAGTTTTCGAAATTTGTTCATTTATGTCTACCACCCCAAAATCAAAATGTCAGTCAACTTAAGAAAACACAATTTTAAATTTTGGTTTAGGATGGTACTTGGGCATTTTAAATTGAGGAAGATTAATATTTTCCCAATCAAATGAATGTATATAACTTGCATTAATGGACTATGCGTAAAAGCTCAGCTAGAATAAAATGTATTCTGCATACTACCATACATAATATGATAAAATACCAATAATCTTATCTATGAACTACACATTAATGAAATGCTCATGAATTAATGTATAAAAATAGGAAATAATATAACAAATTGATAGTTTCTAGTTAAGTAGTTTATTTTGTTGTTCTCACTTCATTTTAGAAACTGCCAAAAATCCTTCTTGAAGCAAACACAATTTCAAAAATAGAACTTAATGCTACTCCCAAATATGTAAAAGTGGATTCCTTTAAAAATTAAAAAATTAGTAGCTCTTTCTTCTCTT	chr14_51132622_T_C__SAV1_haplotype_REF
chr16	LUC7L	chr16_277399_G_A	rs188132769	277148	277649	NA	AAGTTAAAACAAAATTCAACATAGAAAAACCGTCACTGCCTATACAGCACTCATGTCAGAGTGTTCCATGAGGTCCCCCAAAATGCACCTACCGTCCCAGCCAGGATGTCATGGGGGCAGCAGTCCAGAAGGTGACTCTTGCAGACACGGTCATCTGTAAACTTGACCCTCTGTCTGGTTTCGTCTCCTGAAATTCATTTGTGGTTTTAAATAAGACAATATTATCACATTAACCACCAAAAAATAACTAGTATAACAATTCACCTGGATGATTTGCAGACTATCATTTCTGTGTTCTCCCCATCAAATGCAATGAAAAGCTGATCTAAAGATATTTACAACTGGAGTGGAATACACATTTTTTTGAGGCTAGTTATATCATGGAGAATCACACTTAATGAGATCTGACTCCATCACTGTACCAAAGAAGTCAAGGAGTCAGACGTAAACAGCTGAGCACCAAAAGGCCATTGGCTCCACATATACATGTGGCAATGAGAC	AAGTTAAAACAAAATTCAACATAGAAAAACCGTCACTGCCTATACAGCACTCATGTCAGAGTGTTCCATGAGGTCCCCCAAAATGCACCTACCGTCCCAGCCAGGATGTCATGGGGGCAGCAGTCCAGAAGGTGACTCTTGCAGACACGGTCATCTGTAAACTTGACCCTCTGTCTGGTTTCGTCTCCTGAAATTCATTTGTGGTTTTAAATAAGACAATATTATCACATTAACCACCAAAAAATAACTAATATAACAATTCACCTGGATGATTTGCAGACTATCATTTCTGTGTTCTCCCCATCAAATGCAATGAAAAGCTGATCTAAAGATATTTACAACTGGAGTGGAATACACATTTTTTTGAGGCTAGTTATATCATGGAGAATCACACTTAATGAGATCTGACTCCATCACTGTACCAAAGAAGTCAAGGAGTCAGACGTAAACAGCTGAGCACCAAAAGGCCATTGGCTCCACATATACATGTGGCAATGAGAC	chr16_277399_G_A__LUC7L_haplotype_REF
chr16	NPRL3	chr16_149539_G_A	rs570013781	149288	149789	1_HOM_polymorphism	ATTGGGGGACTTGGGAACAGGTGGTGCCAGAAGACTGGGCTCAGTTCTTTCCTTGCAGAAAATCAATTAAATTGCCAGGGCATGGTGGCTAACACCTGTAACCCAGCACTTTGGCAGGCCGAGGCGGGTGGATCACGAGGTCAGGAGTTCAAGACGAGCCTGGCCAACATGGTGAAACCCCATCTCTACTAAAAATACAAAAATTAGCCAGGTGTAGTGGTGTGCACCCATAATCCCAGCTACTCAGGGGGCTGAGGCAGGAGAATCGCTTGAACCCGGGAGACAGAGGCTTCACTGAGTGGAGACTGTGCCACTGCACTTGAGCCCCGAGCAAGACTACATCTCAAAAAAAAAAAAAAAAGTCAATTAAATTAAGAAAGTATATTTTGGGAGGCTGAGATGAGCGATGAGTGGATCACCTGAGGTCAGGAGTTCGAGACCAGTCTGGCCAACATGGTGAAACCCTGTCTCTACTAAAAGTACCAAAAAAATTAGCCAG	ATTGGGGGACTTGGGAACAGGTGGTGCCAGAAGACTGGGCTCAGTTCTTTCCTTGCAGAAAATCAATTAAATTGCCAGGGCATGGTGGCTAACACCTGTAACCCAGCACTTTGGCAGGCCGAGGCGGGTGGATCACGAGGTCAGGAGTTCAAGACGAGCCTGGCCAACATGGTGAAACCCCATCTCTACTAAAAATACAAAAATTAGCCAGGTGTAGTGGTGTGCACCCATAATCCCAGCTACTCAGGGGACTGAGGCAGGAGAATCGCTTGAACCCGGGAGACAGAGGCTTCACTGAGTGGAGACTGTGCCACTGCACTTGAGCCCCGAGCAAGACTACATCTCAAAAAAAAAAAAAAAAGTCAATTAAATTAAGAAAGTATATTTTGGGAGGCTGAGATGAGCGATGAGTGGATCACCTGAGGTCAGGAGTTCGAGACCAGTCTGGCCAACATGGTGAAACCCTGTCTCTACTAAAAGTACCAAAAAAATTAGCCAG	chr16_149539_G_A__NPRL3_haplotype_REF
chr16	NPRL3	chr16_155132_C_T	rs187174553	154881	155382	1_HOM_polymorphism	CAGGAGCTGCACTGAGGTCTGTTAACAAGGGGAAAGAGAAAGGTTTGTCACTGTTTTTAAGTCTGCAGCTTTAAGACAAGAGCCCTTAGCACAAGCAGGGTTTGGGCCCTGAAAGGTTTCCTGCCGAGCTTGCACTTCTATTTGCAAGGTGTTTAATGGTTTGGTCTGAAAACACTCTGGAGGAAAACACTGTCCTCCTCAAGACTTATCCAGCCCCTCACACAGCTCTGGGCCAGCCAAGAGGGCCCAGCCCAGTCTGTGACAGGAGATAGGTGCCCCAGCCAAAGCCCTGCATCCTGACAATGACTATGCAAAAGGGAATGGCTGGCTTCAAACACACTCTCGCCGTTCATCTCCAAGACAGAAATGTGCACAAGCTTAGTCTAGTCCCCTCAGCTTTTAGCATCTGAGAAAGCATCCATTCCTAACCTTAGAACTGGACAGGACCTGTGAAGCTATCCTGCAAACCTCTGCATCCTCTGGTCCCACGGATGGGCCTGG	CAGGAGCTGCACTGAGGTCTGTTAACAAGGGGAAAGAGAAAGGTTTGTCACTGTTTTTAAGTCTGCAGCTTTAAGACAAGAGCCCTTAGCACAAGCAGGGTTTGGGCCCTGAAAGGTTTCCTGCCGAGCTTGCACTTCTATTTGCAAGGTGTTTAATGGTTTGGTCTGAAAACACTCTGGAGGAAAACACTGTCCTCCTCAAGACTTATCCAGCCCCTCACACAGCTCTGGGCCAGCCAAGAGGGCCCAGTCCAGTCTGTGACAGGAGATAGGTGCCCCAGCCAAAGCCCTGCATCCTGACAATGACTATGCAAAAGGGAATGGCTGGCTTCAAACACACTCTCGCCGTTCATCTCCAAGACAGAAATGTGCACAAGCTTAGTCTAGTCCCCTCAGCTTTTAGCATCTGAGAAAGCATCCATTCCTAACCTTAGAACTGGACAGGACCTGTGAAGCTATCCTGCAAACCTCTGCATCCTCTGGTCCCACGGATGGGCCTGG	chr16_155132_C_T__NPRL3_haplotype_REF
chr16	TNRC6A	chr16_24761046_G_A	rs181042823	24760795	24761296	NA	TAGGCATCTGGATGGGAAGTGGGTGGGGTTGAGTAGCTATGGCTTTTCTATTCCTTAGGCAGTCTTTTTGCTTCATGCTCTCTTGCTCTGGTCTTCTGGAACCCTCTCTAGAGCTCCACCAGAAAGGATGGTGCCTAAAACATCTATTTCAGACTGCTCTTATGTTTATTCTTGGGTGGGGTGGCTTTTGCTTTTGCTTATTCATTTGCTTTGAATAGAATAAAAAAGTAATAACCCTTTTTCCTGAAAGGTAATAACCTGTTTCCTGAAACACATTTGCGCAGTCTGTCACTTTGAAATCCTGAACCAGAGGTTCTGTTGACAACTTTAACCATTTGAGATTTTTAAAATTTAAACAAACTAATATGAAGAATACATTATTAGACCAGGCGTGGTGGCTCACACCTGTAATCCCAACACTTTGGGAGGTCAAGGTGGGCAGATCACTTGAGGTCAGGAGTTTGAGACCAGCCTGGCCAACTTGGTGAAACCCCGTCTGTA	TAGGCATCTGGATGGGAAGTGGGTGGGGTTGAGTAGCTATGGCTTTTCTATTCCTTAGGCAGTCTTTTTGCTTCATGCTCTCTTGCTCTGGTCTTCTGGAACCCTCTCTAGAGCTCCACCAGAAAGGATGGTGCCTAAAACATCTATTTCAGACTGCTCTTATGTTTATTCTTGGGTGGGGTGGCTTTTGCTTTTGCTTATTCATTTGCTTTGAATAGAATAAAAAAGTAATAACCCTTTTTCCTGAAAGATAATAACCTGTTTCCTGAAACACATTTGCGCAGTCTGTCACTTTGAAATCCTGAACCAGAGGTTCTGTTGACAACTTTAACCATTTGAGATTTTTAAAATTTAAACAAACTAATATGAAGAATACATTATTAGACCAGGCGTGGTGGCTCACACCTGTAATCCCAACACTTTGGGAGGTCAAGGTGGGCAGATCACTTGAGGTCAGGAGTTTGAGACCAGCCTGGCCAACTTGGTGAAACCCCGTCTGTA	chr16_24761046_G_A__TNRC6A_haplotype_REF
chr17	DLG4	chr17_7106378_G_A	rs200489612	7106127	7106628	NA	TGAAGAGGGACAGCTACAGGGATGTCGTGGGACTGCATGTCATGGGTTAAACGGGATGGGTCATGGGGAACTTTGGTGTTTGAAGGGCTCTCACAGGTTGTGATGTCTGGGGGAGCATAGCTGTCACTCAGGTAGGCATTGCTGGGCTTGGCCACCTTTAGGTAGACAACATCATACGTGTTCTTCAGGGCTGCCACAGCATCTTCATGCATGACGTCCTCTAGCCCCACACTGTTGACCTGGAGTCAAGGAAAGCAAAGCTCAGACAAAGCCACAAATGGCCCAAGACAGAAGCACTGGGGTGAAGTGATGAACTTGGGCCTGCCAGGGCTAGTAGGTGAGACCCAAATCTGGGCTAGAAAATGGGCTAGATGGAGTCCTCACCGCCAGGATCTTGTCTCCAATCTGCAACCTCCCATCCTTGTGGGCAGCACCCCCTTCGATGATCTTTGTTACATAGATGCTATTATCTCCTGGGATGTGCTGGTTCCCTACGCCCCC	TGAAGAGGGACAGCTACAGGGATGTCGTGGGACTGCATGTCATGGGTTAAACGGGATGGGTCATGGGGAACTTTGGTGTTTGAAGGGCTCTCACAGGTTGTGATGTCTGGGGGAGCATAGCTGTCACTCAGGTAGGCATTGCTGGGCTTGGCCACCTTTAGGTAGACAACATCATACGTGTTCTTCAGGGCTGCCACAGCATCTTCATGCATGACGTCCTCTAGCCCCACACTGTTGACCTGGAGTCAAGAAAAGCAAAGCTCAGACAAAGCCACAAATGGCCCAAGACAGAAGCACTGGGGTGAAGTGATGAACTTGGGCCTGCCAGGGCTAGTAGGTGAGACCCAAATCTGGGCTAGAAAATGGGCTAGATGGAGTCCTCACCGCCAGGATCTTGTCTCCAATCTGCAACCTCCCATCCTTGTGGGCAGCACCCCCTTCGATGATCTTTGTTACATAGATGCTATTATCTCCTGGGATGTGCTGGTTCCCTACGCCCCC	chr17_7106378_G_A__DLG4_haplotype_REF
chr17	EROS	chr17_80407100_A_G	Control	80406849	80407350	NA	AAAGGGGACAAAACAGACATGCATTATCTGTAAAACCAAGTACACCAGATAGAATTTGAATGGATACAAAGAAACAAAATAGCCATTAGATTTCAAGGTAATAGAAAAAAGAGAAAATATTTTGTTTCATTTTCATCCTTTTTGAAAGTCAGGCTTCCGGTTCTGGGGTTCTGGGGAGGGACGTGGAGAGCCTTACCAACCAGCAGGGACCAGGACCGGATGCCTGGAGCCCTCTTCAGATGGAGGCGGGAGCTGGTGCGGGTCTCCACCTGCAGGTACATCCCGAGAGGGCAGCACCACTCTCTACAGGAGGAGGGGTCTGGGAACAGACAGAGGCAGCTGAGCCCTTGGGCCTGCACACAGGCAGGCGCCCACGCCATCAGGCCCAGTCTGGAGGCCAAGAGCAGGTCCCCCAACTAAGTCACCTGCAGCCCCAGACACCATCAGCCAGTCTCACCTGGTCTCTGTGGTTGGGCACGTCACTGGATCCCCCAGAGACCC	AAAGGGGACAAAACAGACATGCATTATCTGTAAAACCAAGTACACCAGATAGAATTTGAATGGATACAAAGAAACAAAATAGCCATTAGATTTCAAGGTAATAGAAAAAAGAGAAAATATTTTGTTTCATTTTCATCCTTTTTGAAAGTCAGGCTTCCGGTTCTGGGGTTCTGGGGAGGGACGTGGAGAGCCTTACCAACCAGCAGGGACCAGGACCGGATGCCTGGAGCCCTCTTCAGATGGAGGCGGGGGCTGGTGCGGGTCTCCACCTGCAGGTACATCCCGAGAGGGCAGCACCACTCTCTACAGGAGGAGGGGTCTGGGAACAGACAGAGGCAGCTGAGCCCTTGGGCCTGCACACAGGCAGGCGCCCACGCCATCAGGCCCAGTCTGGAGGCCAAGAGCAGGTCCCCCAACTAAGTCACCTGCAGCCCCAGACACCATCAGCCAGTCTCACCTGGTCTCTGTGGTTGGGCACGTCACTGGATCCCCCAGAGACCC	chr17_80407100_A_G__EROS_haplotype_REF
chr17	SLC9A3R1	chr17_72758167_G_A	rs41282065	72757916	72758417	NA	TGGACAGAGCAGTGTTTTATCCACATCACCTAAGCAGTTAGCTGCGGTGCTGGGTATCCACACAAGTCTTTTGAGTCCTGGGCCAGAACCCTCTCAAATTGCTGTGTAGGGATCTAGGCAAATTTGCATCCTCCCAAACCTTCCTTGGTTGGGGAGATGGGGACAGGCAGAGGACAGGGAAGGCAGAACCTGGGGCACTGTGGAATAGCCATGGACCCTCCCCTGTCCCTGCAGCGCGAGCTTCGGCCTCGGCTCTGTACCATGAAGAAGGGCCCCAGTGGCTATGGCTTCAACCTGCACAGCGACAAGTCCAAGCCAGGCCAGTTCATCCGGTCAGTGGACCCAGACTCCCCGGCTGAGGCTTCAGGGCTCCGGGCCCAGGATCGCATTGTGGAGGTGATGCTTCTCGCTCTCTTCCTATCTGACTGCCCCCACCCCCTGCAGATCAGCAGCACCTGGGGCAGCCATCATACCATCATGGGCTTGATTAGCCCACGGGCA	TGGACAGAGCAGTGTTTTATCCACATCACCTAAGCAGTTAGCTGCGGTGCTGGGTATCCACACAAGTCTTTTGAGTCCTGGGCCAGAACCCTCTCAAATTGCTGTGTAGGGATCTAGGCAAATTTGCATCCTCCCAAACCTTCCTTGGTTGGGGAGATGGGGACAGGCAGAGGACAGGGAAGGCAGAACCTGGGGCACTGTGGAATAGCCATGGACCCTCCCCTGTCCCTGCAGCGCGAGCTTCGGCCTCAGCTCTGTACCATGAAGAAGGGCCCCAGTGGCTATGGCTTCAACCTGCACAGCGACAAGTCCAAGCCAGGCCAGTTCATCCGGTCAGTGGACCCAGACTCCCCGGCTGAGGCTTCAGGGCTCCGGGCCCAGGATCGCATTGTGGAGGTGATGCTTCTCGCTCTCTTCCTATCTGACTGCCCCCACCCCCTGCAGATCAGCAGCACCTGGGGCAGCCATCATACCATCATGGGCTTGATTAGCCCACGGGCA	chr17_72758167_G_A__SLC9A3R1_haplotype_REF
chr19	DNMT1	chr19_10334725_A_G	rs117064827	10334474	10334975	1_HOM_polymorphism	CATGAACCCCTCTGCCCTGGCCTGGTTGTTGGTCCACCCCCACCCTCAGACCACCGTGTTGCCCTCCAGAAACGTGGGTGACGTGGGCATGTGCATGCCCCTCTCCAGGGAGCTGGAGCTGCGGAGTGGCAGGAGGTGGTGGCCCGGGGTCCCGCCCCGCCTCCGTCCTTGCACCCCCACCCCCGGCCGCCAGCACTGCAGCGGCCGAAGCACCTCCCGCCGCAGGTCCCGGCTGCGCCACGTGTAGATGACGGGGTTGAGCAGGGAATTCAGGGTGGAGACGGCGAAAAAGTAGTGGGCTTTGTAGAGGATCGGGCAGGAGTGGACGGGACAGGCATAGTCCAGAAGGAGGATGCTGAAGGCGGGCAGCCAGCAGACGATAAAGACGCCTAGCACGATGGTGACCGTCTTGAGCAGGGCTAGCGTCTGCGGGGCGGCCATGTCAGCGTGGCTTGAGCGGACCACGCAGTAGATGCGCACGTACAGGGCCACGATGGCCAA	CATGAACCCCTCTGCCCTGGCCTGGTTGTTGGTCCACCCCCACCCTCAGACCACCGTGTTGCCCTCCAGAAACGTGGGTGACGTGGGCATGTGCATGCCCCTCTCCAGGGAGCTGGAGCTGCGGAGTGGCAGGAGGTGGTGGCCCGGGGTCCCGCCCCGCCTCCGTCCTTGCACCCCCACCCCCGGCCGCCAGCACTGCAGCGGCCGAAGCACCTCCCGCCGCAGGTCCCGGCTGCGCCACGTGTAGATGGCGGGGTTGAGCAGGGAATTCAGGGTGGAGACGGCGAAAAAGTAGTGGGCTTTGTAGAGGATCGGGCAGGAGTGGACGGGACAGGCATAGTCCAGAAGGAGGATGCTGAAGGCGGGCAGCCAGCAGACGATAAAGACGCCTAGCACGATGGTGACCGTCTTGAGCAGGGCTAGCGTCTGCGGGGCGGCCATGTCAGCGTGGCTTGAGCGGACCACGCAGTAGATGCGCACGTACAGGGCCACGATGGCCAA	chr19_10334725_A_G__DNMT1_haplotype_REF
chr19	KLF16	chr19_1855583_C_T	rs74401481	1855332	1855833	NA	ATGGGAGGAACCCGCAGGCACAGTCAGTCTGGGCCCCGATCTCGGGGTGTGGTTAGATGGAAGACAGGCAGGAAAGCTCACAGGGAGGGGAGGGGGCGGGGTCTCCCGGGAAGGGGCGGGGCCCGGCGGGCTGGACTCGCCCCACCCCCACGGGACAGATGGCGCTGGGCAGGGGCGGGCCACCACCCGGCCACTTCCTCCACAGTCCCCTCCCACCGCCAAGGCCGGGCCTCGCCCATCCTGCCCCTAACCAGCCGTCACCATCTGGGCCTGCCTGTGCGCCTCCAGGCGGTGTGGGTCTTTGCTCTAGAACTGTGCCACCCGACCCCTTCCTTTAGCCGGGGTCTCACGCCCACAGCATGTGGCATCGTGATGTCAGCGTCTCCCCAGCAGATAGGGGTCTCCAACGACTGGGGAGGGGCAGGTCAGTCCACCTCCACCCAGGGACCGAAGCAGGACAAAGGGCCCTGCATCCCCGAAGCTCCCACCCTTTCGGGCCCT	ATGGGAGGAACCCGCAGGCACAGTCAGTCTGGGCCCCGATCTCGGGGTGTGGTTAGATGGAAGACAGGCAGGAAAGCTCACAGGGAGGGGAGGGGGCGGGGTCTCCCGGGAAGGGGCGGGGCCCGGCGGGCTGGACTCGCCCCACCCCCACGGGACAGATGGCGCTGGGCAGGGGCGGGCCACCACCCGGCCACTTCCTCCACAGTCCCCTCCCACCGCCAAGGCCGGGCCTCGCCCATCCTGCCCCTAATCAGCCGTCACCATCTGGGCCTGCCTGTGCGCCTCCAGGCGGTGTGGGTCTTTGCTCTAGAACTGTGCCACCCGACCCCTTCCTTTAGCCGGGGTCTCACGCCCACAGCATGTGGCATCGTGATGTCAGCGTCTCCCCAGCAGATAGGGGTCTCCAACGACTGGGGAGGGGCAGGTCAGTCCACCTCCACCCAGGGACCGAAGCAGGACAAAGGGCCCTGCATCCCCGAAGCTCCCACCCTTTCGGGCCCT	chr19_1855583_C_T__KLF16_haplotype_REF
chr19	QTRT1	chr19_10815533_C_T	rs536415700	10815282	10815783	NA	AACCGAGTTTCGCTCTTGTTGCCCAGGCTGGAGTGCAATGGCGCAATCTCGGCTCACAGCAACCTCTGCCTCCTGGGTTCAAGCGATTCTCCTGCCTCAGCCTCCCGAGTAGCTGGGATGACAGGCATGCGCCACCATGCCCGGCTAATTTTGTATTTTTGGTAGAGACGGGGTTTCTCCATGTTGGTCAGGCTGGTCTTGAACTCCCGACCTCAGGTGATCCGCCTGCCTCAGCCTCCCAAAGTGCTGGCATTACAGGTGTGAGCCACCATGCCCAGCTAAAGTTCTAGCTTTTTAATGAATGTCGTAATTTTTTTTTTTTTTTTTGATGTGGAATCTCGCTCTGTCACCTAGGCTGGAGTGCAGTGGCTCGATCTTGGCTCACTGCAACCTCTGCTGCCCGGGTTTAAGCTATTCTCCTGCCTCAGCCTCCCCAGCAGCTGGGACTACAGGTGCCTGCCACCACGCCTGGTAATTTTTGTACTTTTAGTAGAGACGGGG	AACCGAGTTTCGCTCTTGTTGCCCAGGCTGGAGTGCAATGGCGCAATCTCGGCTCACAGCAACCTCTGCCTCCTGGGTTCAAGCGATTCTCCTGCCTCAGCCTCCCGAGTAGCTGGGATGACAGGCATGCGCCACCATGCCCGGCTAATTTTGTATTTTTGGTAGAGACGGGGTTTCTCCATGTTGGTCAGGCTGGTCTTGAACTCCCGACCTCAGGTGATCCGCCTGCCTCAGCCTCCCAAAGTGCTGGTATTACAGGTGTGAGCCACCATGCCCAGCTAAAGTTCTAGCTTTTTAATGAATGTCGTAATTTTTTTTTTTTTTTTTGATGTGGAATCTCGCTCTGTCACCTAGGCTGGAGTGCAGTGGCTCGATCTTGGCTCACTGCAACCTCTGCTGCCCGGGTTTAAGCTATTCTCCTGCCTCAGCCTCCCCAGCAGCTGGGACTACAGGTGCCTGCCACCACGCCTGGTAATTTTTGTACTTTTAGTAGAGACGGGG	chr19_10815533_C_T__QTRT1_haplotype_REF
chr19	R3HDM4	chr19_906510_G_A	rs111932385	906259	906760	NA	CCCAGGCTGGAGTTCACTGGCTCGATCTCAGCTCACTGCAAGCTCTGCCTCCCGGGTTCACGCCATTCTCCTGCCTCAGCCTCCCGAGTAGCTGGGACTACAGGTGCCCGCCACCACGCCTGGCTAATTTTTTGTATTTTTAGTAGAGATGGGGTTTACCGTGTCAGCCAGAATGGTCTGGATCTCCTGACCTCGTGATCCGCTCACCTTGGCCTCCCAAAGTGCTGGGATTACGGGCATGAGCCACCGCGCCCGGCTCACCCTGCAACCTTTAACCTCAGCCCCCTCTCAAAAAGTGGGAACAAGTTGGTTTGGGAGGGGTACTCAGAGCCAAAAGGGCCTGGGATGAATTCCCCTCATCTCAGCTGCCACTTGCTTGTTTTCCTCCTATGATGGGGAACTCACCCCTCAGCCATGCCACACTGCTTTTGATCGTAAGTGTCGCTGGACTGAGTATTTTCCCCACATTGGGCTCATTTCCTGTCACCTGTGCTGTCCCCG	CCCAGGCTGGAGTTCACTGGCTCGATCTCAGCTCACTGCAAGCTCTGCCTCCCGGGTTCACGCCATTCTCCTGCCTCAGCCTCCCGAGTAGCTGGGACTACAGGTGCCCGCCACCACGCCTGGCTAATTTTTTGTATTTTTAGTAGAGATGGGGTTTACCGTGTCAGCCAGAATGGTCTGGATCTCCTGACCTCGTGATCCGCTCACCTTGGCCTCCCAAAGTGCTGGGATTACGGGCATGAGCCACCGCACCCGGCTCACCCTGCAACCTTTAACCTCAGCCCCCTCTCAAAAAGTGGGAACAAGTTGGTTTGGGAGGGGTACTCAGAGCCAAAAGGGCCTGGGATGAATTCCCCTCATCTCAGCTGCCACTTGCTTGTTTTCCTCCTATGATGGGGAACTCACCCCTCAGCCATGCCACACTGCTTTTGATCGTAAGTGTCGCTGGACTGAGTATTTTCCCCACATTGGGCTCATTTCCTGTCACCTGTGCTGTCCCCG	chr19_906510_G_A__R3HDM4_haplotype_REF
chr1	CEP104	chr1_3738762_G_C	rs116831330	3738511	3739012	>1_HOM_polymorphism	AATGTGACTGACGTCTGGAAGGCTGAGGCTGCTGCTGTGGCTGTGTAAAGAAGTCCCGATTCCGAAAGCTCCGACGGGAACATTTACAGATGCAACAACGTGCTGTCTGGGTTGGCTTCAACATTACACGAGAGGGGAGCACGTGGGGGCACGGGAGAAACAAGACGGGCTGAGTTGCTAGTTGCGCAAGCTCAGTGACCGTGACAAGGGAGAGTCCTGAGGGTTTCTGTCACTTTTCTGTGTACTCTGTGATGCATTTCAAACTCTGAGAGAGAGAGACTGACAGACAGACAGAGGGACACAGAGAGCCAGATAACTGGGTAGACACCAGCGCTGAGAGCGGCTGGGGGCTGTCTTCTCTGTTTGGTGTGAGTTTTCTGGGGTCAAGAGAAAGCTACAGTGGCTGGGTTGGAGCCATTTTGCTGGTACCATATCCCAGAAGGCTGGGACAAGGGGAGCCAGCAGCAGGACACAGTGACACAC	AATGTGACTGACGTCTGGAAGGCTGAGGCTGCTGCTGTGGCTGTGTAAAGAAGTCCCGATTCCGAAAGCTCCGACGGGAACATTTACAGATGCAACAACGTGCTGTCTGGGTTGGCTTCAACATTACACGAGAGGGGAGCACGTGGGGGCACGGGAGAAACAAGACGGGCTGAGTTGCTAGTTGCGCAAGCTCAGTGACCGTGACAAGGGAGAGTCCTGAGGGTTTCTGTCACTTTTCTGTGTACTCTGTCATGCATTTCAAACTCTGAGAGAGAGAGACTGACAGACAGACAGAGGGACACAGAGAGCCAGATAACTGGGTAGACACCAGCGCTGAGAGCGGCTGGGGGCTGTCTTCTCTGTTTGGTGTGAGTTTTCTGGGGTCAAGAGAAAGCTACAGTGGCTGGGTTGGAGCCATTTTGCTGGTACCATATCCCAGAAGGCTGGGACAAGGGGAGCCAGCAGCAGGACACAGTGACACAC	chr1_3738762_G_C__CEP104_haplotype_REF
chr1	EPB41	chr1_29217311_G_A	rs115820925	29217060	29217561	NA	TAGGATGGAGCAAGATGAAGGCTGAGTATGACGGGCCCACAAGTCCTGTTCTTGGCCCGTGTTCTCTAATCATAATTACAGCCACTGCCTGTTAAGCACTTACTATGCACAGCATTCTGTTCTAAGCCTTTAATACGCTGCATTAACTCATTCAATCCTTACAATCTCATGAGGGAAATATTATCTTTGTTTTGCAGGAGTTTAGGGAGCTGAACAGACTTGACCAAAGTCACAAAGCTGGGAAGTGGCCGAGCTGGGATTTGAACTTAGGTTCAACTCCAAAGCCCAGACCTAACTAAGAGTGGGAGCCTCCACCCCACGGGTACTGAGGTGCCCACATTGCTCAGCCCTTACCTGTGGAACTGTTTGACCCCTGCTGGAGCAAAGCTCTGAGCTCTGGGATCTTGAGGCTGGGGAACTGGGGAACAAGCTGTGCTGCCTCTGTTGGGTGGCCCCTGGGGCCAGCATAGAGAGAAAGGGGCAGAGGGAGCAACCTCCAGG	TAGGATGGAGCAAGATGAAGGCTGAGTATGACGGGCCCACAAGTCCTGTTCTTGGCCCGTGTTCTCTAATCATAATTACAGCCACTGCCTGTTAAGCACTTACTATGCACAGCATTCTGTTCTAAGCCTTTAATACGCTGCATTAACTCATTCAATCCTTACAATCTCATGAGGGAAATATTATCTTTGTTTTGCAGGAGTTTAGGGAGCTGAACAGACTTGACCAAAGTCACAAAGCTGGGAAGTGGCCAAGCTGGGATTTGAACTTAGGTTCAACTCCAAAGCCCAGACCTAACTAAGAGTGGGAGCCTCCACCCCACGGGTACTGAGGTGCCCACATTGCTCAGCCCTTACCTGTGGAACTGTTTGACCCCTGCTGGAGCAAAGCTCTGAGCTCTGGGATCTTGAGGCTGGGGAACTGGGGAACAAGCTGTGCTGCCTCTGTTGGGTGGCCCCTGGGGCCAGCATAGAGAGAAAGGGGCAGAGGGAGCAACCTCCAGG	chr1_29217311_G_A__EPB41_haplotype_REF
chr1	GLMN	chr1_92753336_T_C	rs141094656	92753085	92753586	NA	CAGGGTCTCACTATGTTGCCTAGGCTGGTCTCAAACTCCTGAGCTCAAGCAATCTCCCAGCTTGACCTCCCAAAGTGTTAGGATTACAGGTGCGAGCCACCACGTCTGGCTGTAAATTTTTTTTTAAATGTCCTAACCTGACAAGTAGGAAGCTAAAAATAGTATTAGTCTCCAAAATTAAAATATTATTTTATATTCTATTTTTTAGAGACGAGGTCTTGCTATGTTGCCCAGGCTGGTCTTGTACTCCTGGCCTCAAGTGATCCTCCTGCCTCAGCCTCCCAAGTAGCCAAAATTTAAAAATTACTGGTCCATGTAATTAATCTAGTCTATCACTGTCCAATAGAAATATAACACAGCCCCATATATAATTTAAGATCTTTTAGTAGACACATGAAAAAAGTAGTAAGAATGGGAGAGATGATTTTAATAATTTATCTTAACCCAGTATATCTGAAATATTGTCATTTCAACATGTTATCAATATAAAAATTGAGGTAT	CAGGGTCTCACTATGTTGCCTAGGCTGGTCTCAAACTCCTGAGCTCAAGCAATCTCCCAGCTTGACCTCCCAAAGTGTTAGGATTACAGGTGCGAGCCACCACGTCTGGCTGTAAATTTTTTTTTAAATGTCCTAACCTGACAAGTAGGAAGCTAAAAATAGTATTAGTCTCCAAAATTAAAATATTATTTTATATTCTATTTTTTAGAGACGAGGTCTTGCTATGTTGCCCAGGCTGGTCTTGTACTCCCGGCCTCAAGTGATCCTCCTGCCTCAGCCTCCCAAGTAGCCAAAATTTAAAAATTACTGGTCCATGTAATTAATCTAGTCTATCACTGTCCAATAGAAATATAACACAGCCCCATATATAATTTAAGATCTTTTAGTAGACACATGAAAAAAGTAGTAAGAATGGGAGAGATGATTTTAATAATTTATCTTAACCCAGTATATCTGAAATATTGTCATTTCAACATGTTATCAATATAAAAATTGAGGTAT	chr1_92753336_T_C__GLMN_haplotype_REF
chr1	KIF1B	chr1_10357806_G_C	rs112682076	10357555	10358056	NA	TTTTTAAGGAAATAGAGCTTTTCTGGTAGCCTTTGCCTCTTGATAGTGGTTTTGGAATTTGCTTCAGTGGTGGTTCTTTAAATGATAATTACTCTGAATATTGAATTTGGTGAGAGTTTGCCTTGGTTTTGTTTCTGATCACTTGATAGTACTAATTCTCTGCTCTTGGGCTGACTTTGGGATTGTTCTTACGCTGGGCAGACTTTTTTTTTTTAAGTTAAACTGTGTCTAAAAGTGTTGCTGCACAGTTGCATGTGTTACTCCTTTCCTTATCCCCTGCATGGAGTCTGAATTCTCAATCAGGTTCTCAGTGGCATGTGTGGTAGCGGTGGGAGCAAAGGCTGCATACCCAGCCCGGACAGGACAGAAGGCTTGCTTCCTTTGAGGGAAGGAGGATTTGAGTGAGCAGCTGGAAAGTCTGTTTAAGGTCCCAGCTATTGATACAATACTAATGGCTTCAGCGTTTTATAATGGTAATTGATTTCCCAGATTTGATAGAAA	TTTTTAAGGAAATAGAGCTTTTCTGGTAGCCTTTGCCTCTTGATAGTGGTTTTGGAATTTGCTTCAGTGGTGGTTCTTTAAATGATAATTACTCTGAATATTGAATTTGGTGAGAGTTTGCCTTGGTTTTGTTTCTGATCACTTGATAGTACTAATTCTCTGCTCTTGGGCTGACTTTGGGATTGTTCTTACGCTGGGCAGACTTTTTTTTTTTAAGTTAAACTGTGTCTAAAAGTGTTGCTGCACAGTTCCATGTGTTACTCCTTTCCTTATCCCCTGCATGGAGTCTGAATTCTCAATCAGGTTCTCAGTGGCATGTGTGGTAGCGGTGGGAGCAAAGGCTGCATACCCAGCCCGGACAGGACAGAAGGCTTGCTTCCTTTGAGGGAAGGAGGATTTGAGTGAGCAGCTGGAAAGTCTGTTTAAGGTCCCAGCTATTGATACAATACTAATGGCTTCAGCGTTTTATAATGGTAATTGATTTCCCAGATTTGATAGAAA	chr1_10357806_G_C__KIF1B_haplotype_REF
chr20	OVOL2	chr20_18031283_A_G	rs45473509	18031032	18031533	1_HOM_polymorphism	TCAGCTCCTAGGTGGCCCAGTTCTGCTCTGTGGCTCTGAGTCATTCCTGGGAGCTCAGCTTGGTCCTTCTTTAGTCCATTTAATACCTTTCTCTGCTTAAACTAGCTATAGTGGATTCTGATGTTCGTAACTAAGCCTATGTAGTCCTTTCCAACAATAAAAACCTACTTCACCTATATTCAAGTTTAACACCAGGCAATTAATACACATTGTTCTCATATTCCTCCTTTTCCCCCTTTTAATTAATTTAACCTTCATCAAGAATCCATTCCAAGCATTTTTCCAGTATCCCTTTTCTTCCTGCTTTCTGTGTTTTCCTTCAAATGCTATCACTCATGTCTGGGAACTGTTGACTTCTTCCCCTGCCTAAATTCTTGTTCTGTGTTCACTTATGTCCTTCTATGACCCAGGCACTACTGCACTGGTTGCTGGGTAATACGAGCCCAGTAGGAAGTGTTCCCTGGCTCTGATGGATCTAGAGTGGAAAGGAGAAGTCAGTTG	TCAGCTCCTAGGTGGCCCAGTTCTGCTCTGTGGCTCTGAGTCATTCCTGGGAGCTCAGCTTGGTCCTTCTTTAGTCCATTTAATACCTTTCTCTGCTTAAACTAGCTATAGTGGATTCTGATGTTCGTAACTAAGCCTATGTAGTCCTTTCCAACAATAAAAACCTACTTCACCTATATTCAAGTTTAACACCAGGCAATTAATACACATTGTTCTCATATTCCTCCTTTTCCCCCTTTTAATTAATTTAGCCTTCATCAAGAATCCATTCCAAGCATTTTTCCAGTATCCCTTTTCTTCCTGCTTTCTGTGTTTTCCTTCAAATGCTATCACTCATGTCTGGGAACTGTTGACTTCTTCCCCTGCCTAAATTCTTGTTCTGTGTTCACTTATGTCCTTCTATGACCCAGGCACTACTGCACTGGTTGCTGGGTAATACGAGCCCAGTAGGAAGTGTTCCCTGGCTCTGATGGATCTAGAGTGGAAAGGAGAAGTCAGTTG	chr20_18031283_A_G__OVOL2_haplotype_REF
chr22	BID	chr22_18252442_G_A	rs183393610	18252191	18252692	NA	GTTTCTCACAGCCAGGCCCCATCTCTCCCTGCCTGGATTTCAGGGGAAGTGGGGCTTGGGTAAACAGGAACGGACGTGGCCATCAGGCCGGAAGGGTGTGTGGGCCACAGAGAAGCACCCTGAGGCTGTGCTGTCATCCAGAGTGCCACCCCGCTTTTCCAGGGCACAGCAAGGAAGTGCCTGCTGGAAGGATCCTGGGGACAGTTGTTAAGGCAATTTTATCTTCTCATAGCATGCCTGCCTCAGTTCCGCAGCCAGGACGGTGCCTTACTGACTCCACACACAGAGGCAGCTGGGTCCAGGAGGCAGCCATCCCAAACGCAGTGACCTCCAGCACCCAAAGCTCAGAGTTCCCAGCTGAACCCAGGAGGCACCCACCTTCCTGTCTCTAGGCAGATGCCAGCTGGTGCAGGAGCCACTCCCAGTCCCAATACCAGGCCTGGTCACGTGGTGCCCCGCCAGGCTTGGGGGTGTGCACTTGCCCGCTGGCCTCCGGTGCCC	GTTTCTCACAGCCAGGCCCCATCTCTCCCTGCCTGGATTTCAGGGGAAGTGGGGCTTGGGTAAACAGGAACGGACGTGGCCATCAGGCCGGAAGGGTGTGTGGGCCACAGAGAAGCACCCTGAGGCTGTGCTGTCATCCAGAGTGCCACCCCGCTTTTCCAGGGCACAGCAAGGAAGTGCCTGCTGGAAGGATCCTGGGGACAGTTGTTAAGGCAATTTTATCTTCTCATAGCATGCCTGCCTCAGTTCCACAGCCAGGACGGTGCCTTACTGACTCCACACACAGAGGCAGCTGGGTCCAGGAGGCAGCCATCCCAAACGCAGTGACCTCCAGCACCCAAAGCTCAGAGTTCCCAGCTGAACCCAGGAGGCACCCACCTTCCTGTCTCTAGGCAGATGCCAGCTGGTGCAGGAGCCACTCCCAGTCCCAATACCAGGCCTGGTCACGTGGTGCCCCGCCAGGCTTGGGGGTGTGCACTTGCCCGCTGGCCTCCGGTGCCC	chr22_18252442_G_A__BID_haplotype_REF
chr22	ZNRF3	chr22_29450193_G_A	rs62236881	29449942	29450443	NA	AAAGTTATTTAAATATATATTTTAAAGAACCCTAACTGCCAACTTTTGCTGAAAAAGAAAAAAAAATCACTGCTGCATTAAATGAACCACATCATGTGTAGATACTGTTGTCTCCCTGAAGGGAGCTCAGGCCTTTGAAAAGCTCAGGGCTTCACCTGCCTTAGAAAATGAACCAGAAACTTGAAGTAAAGCTAGTTGATAGGGGTACAGGCTCTGAGGAGCAGTGCAAAACTGCCTCTTTCTTTCTCGTGGCAAATCCCAATGTACACGATTTCAGGTCTCAGACGCCATGCCTCTCCAGCCCACGCCTTTAGGCAGGTGATGGCAGCAGCTAGGAATAGGGTGTACATGATCCACAGCCCTGCGGAGCCAGGTCAAGCCGCTGCTATGAAAGCTCCAGGGTGATGGGGACGATTCTGCCCAGTGTCCTCAGTCTGTCCCCTCAGGTCATGGTCCCAAGTGAAATGACAGAGTTCACAGCCCTGGTCTTGGCTGAGGTCC	AAAGTTATTTAAATATATATTTTAAAGAACCCTAACTGCCAACTTTTGCTGAAAAAGAAAAAAAAATCACTGCTGCATTAAATGAACCACATCATGTGTAGATACTGTTGTCTCCCTGAAGGGAGCTCAGGCCTTTGAAAAGCTCAGGGCTTCACCTGCCTTAGAAAATGAACCAGAAACTTGAAGTAAAGCTAGTTGATAGGGGTACAGGCTCTGAGGAGCAGTGCAAAACTGCCTCTTTCTTTCTCGTAGCAAATCCCAATGTACACGATTTCAGGTCTCAGACGCCATGCCTCTCCAGCCCACGCCTTTAGGCAGGTGATGGCAGCAGCTAGGAATAGGGTGTACATGATCCACAGCCCTGCGGAGCCAGGTCAAGCCGCTGCTATGAAAGCTCCAGGGTGATGGGGACGATTCTGCCCAGTGTCCTCAGTCTGTCCCCTCAGGTCATGGTCCCAAGTGAAATGACAGAGTTCACAGCCCTGGTCTTGGCTGAGGTCC	chr22_29450193_G_A__ZNRF3_haplotype_REF
chr3	FOXP1	chr3_71355240_G_C	rs35592432	71354989	71355490	NA	TGAAACAAAAGTGTCAGCCTTGGCTTCGCACACACTTACCCGTTCATGGTGAGGAGGCAAAGCTTTGGGGCGGGAGAGGCAATTTTCACACAACGGAAGAAAGTTGAGAGTTTGTAAGGGAGAAACTACAGGCGCTTGGAAGCCTGCTGGCTCTCAGGGCTCCCAGGCTGGCGGCAGTGTGAGGAAGGACTGAAGGTATGTGGGCTAAACACAACAAAAGCCACTGCCTTACTCTAGATTAAATATGCAGGAAGAGGCCCCTTTGCATAAACACAAACACTCAGCAAATGAATAACTGGCTCAATCAGACGCCCGCTGTGCCTTCTACCTGTCCTCACTCTGACAGGAGACACTGCCTATTCCAGGGGACACCACTAAACAGGAGTCAGTTAAATGTTATGTTGCTATAATAACAATTAAAATGAATTGTATTCATTAGTAATTAAGAACTCACTCGTGGGGCGGGGGGGAGTGCTATTGTTGTATCTCCAGCTACTCCAA	TGAAACAAAAGTGTCAGCCTTGGCTTCGCACACACTTACCCGTTCATGGTGAGGAGGCAAAGCTTTGGGGCGGGAGAGGCAATTTTCACACAACGGAAGAAAGTTGAGAGTTTGTAAGGGAGAAACTACAGGCGCTTGGAAGCCTGCTGGCTCTCAGGGCTCCCAGGCTGGCGGCAGTGTGAGGAAGGACTGAAGGTATGTGGGCTAAACACAACAAAAGCCACTGCCTTACTCTAGATTAAATATGCAGCAAGAGGCCCCTTTGCATAAACACAAACACTCAGCAAATGAATAACTGGCTCAATCAGACGCCCGCTGTGCCTTCTACCTGTCCTCACTCTGACAGGAGACACTGCCTATTCCAGGGGACACCACTAAACAGGAGTCAGTTAAATGTTATGTTGCTATAATAACAATTAAAATGAATTGTATTCATTAGTAATTAAGAACTCACTCGTGGGGCGGGGGGGAGTGCTATTGTTGTATCTCCAGCTACTCCAA	chr3_71355240_G_C__FOXP1_haplotype_REF
chr4	ANKRD17	chr4_74033564_G_C	rs187918276	74033313	74033814	NA	TTCCCTGCTCCTCTGAGGTATATTTTTAAATAATTTCATAATCTGCATTTCTCTCTCATAAACTTCTAGAGCAATGTCAAATTGCCGGAAAATGCTAAATTAGGTCTCTACTCTTCTGTACAAATAGTTTTCTTTACTCCAAGACAGGACCGTGCACATGCCCTGATTATGTTTCCAAGTCTATTTGGTTAAGATCCTTTTAATAATCCATTCTAGAATTTTACCTTGGATGGAAATCAAGTTTAACCATGAATCCTTCAAATATTTAAATACCGGTTGGGCACAGTGGCTCAAGTCTGTAATCCCAGCACTTTGGGAGGCTGAGGTGGGTGGATCACGAGGTCAGGAGATCGACACCATCCTGGCTAACGCAGCGAAACCCCGTCTGTACTAAAAATACAAAAAATTAGCCAGGCATGGTGGCAGACGCCTGTAGTCCCAGCTACAGCAGGAGGCTGAAGCAGGAGAATGCCATGAACCCGGGAGGCGGAGCTTGCAGTG	TTCCCTGCTCCTCTGAGGTATATTTTTAAATAATTTCATAATCTGCATTTCTCTCTCATAAACTTCTAGAGCAATGTCAAATTGCCGGAAAATGCTAAATTAGGTCTCTACTCTTCTGTACAAATAGTTTTCTTTACTCCAAGACAGGACCGTGCACATGCCCTGATTATGTTTCCAAGTCTATTTGGTTAAGATCCTTTTAATAATCCATTCTAGAATTTTACCTTGGATGGAAATCAAGTTTAACCATCAATCCTTCAAATATTTAAATACCGGTTGGGCACAGTGGCTCAAGTCTGTAATCCCAGCACTTTGGGAGGCTGAGGTGGGTGGATCACGAGGTCAGGAGATCGACACCATCCTGGCTAACGCAGCGAAACCCCGTCTGTACTAAAAATACAAAAAATTAGCCAGGCATGGTGGCAGACGCCTGTAGTCCCAGCTACAGCAGGAGGCTGAAGCAGGAGAATGCCATGAACCCGGGAGGCGGAGCTTGCAGTG	chr4_74033564_G_C__ANKRD17_haplotype_REF
chr7	CUX1	chr7_101499930_G_A	rs139141690	101499679	101500180	1_HET_polymorphism	AGTTAGTGTTTTCCATTCTTTCACTGAAGGCTCTAAAAATGGTCCCATCAAGAAGTCTGGTAGATAATGGAAGACGAAGTGGACTTTACAGAAAGATGAATTTTCTTCCCTAGAGCTGGAAAACCCTTCAGCGTGTCATGCGTTCCCCAGCCAGGACAGACAAAGCCACGCAATCTGTTTCCTGCAGGCCCAGAGGGGAAGGCTTCCTCCTTGTGGTTAGTGACTTCAAAAGCTGTCCTCACTAGAGCAAGTCCAACTCTTCCTCTAGTTCTGATGACTTCACGGCAGCCAACTGAGCTGCTGAACGCTGTTTTTTTCTATGCAGAAACCCTCCCGACTTTCACGAGGAGTTGACAGGTTTTCCTCTTCACTCGGGCTCCCTTGTCATCGTTAAACTGAAACTGCTTTCTTGTAGCCAAATTCTGTGGTCCCTTTTCGGCCTCGGCCTCCTTGACCTCTCTGTGTCCCCACCTTGGCTCTCCCACGCCTGCCAGCCGTACC	AGTTAGTGTTTTCCATTCTTTCACTGAAGGCTCTAAAAATGGTCCCATCAAGAAGTCTGGTAGATAATGGAAGACGAAGTGGACTTTACAGAAAGATGAATTTTCTTCCCTAGAGCTGGAAAACCCTTCAGCGTGTCATGCGTTCCCCAGCCAGGACAGACAAAGCCACGCAATCTGTTTCCTGCAGGCCCAGAGGGGAAGGCTTCCTCCTTGTGGTTAGTGACTTCAAAAGCTGTCCTCACTAGAGCAAATCCAACTCTTCCTCTAGTTCTGATGACTTCACGGCAGCCAACTGAGCTGCTGAACGCTGTTTTTTTCTATGCAGAAACCCTCCCGACTTTCACGAGGAGTTGACAGGTTTTCCTCTTCACTCGGGCTCCCTTGTCATCGTTAAACTGAAACTGCTTTCTTGTAGCCAAATTCTGTGGTCCCTTTTCGGCCTCGGCCTCCTTGACCTCTCTGTGTCCCCACCTTGGCTCTCCCACGCCTGCCAGCCGTACC	chr7_101499930_G_A__CUX1_haplotype_REF
chr8	NBN	chr8_90995426_C_T	rs118026302	90995175	90995676	>1_HOM_polymorphism	GTATGACAAATATTAAATAAAACACCTTTGTTATTCAAATGTTAGTCAACTTTACATATGTCAAACTTGTGTTTTCAGTAAAGCCTCACTGAAGGCTATCAAAGGTTATCTAACTATGGTGTTTCAGGAGTAACAACAACAAAATTTAAAATACAATAAAAAAGAGAAAAAGAAAAAAAGGTTATCTAAATAGATAGAAGGCTACATCATTTTTCTAAAGGGAAAGCAATGCTGAAAGGAGTCAATGTTCCCTCAAATTAACTTAAAAACTTAATGTATTACCTAGCAACAATCACAATATTATGTTTGGAACTTGATAAACAAAAATATCAGGAAACTATAAAAAAAGATGCTCAAGCCTGTAATCCCAGCTACTTGGGAGGCTGAAGCAAGAGAACTGCTTGAACCCAGGGGATGGAGGTTGCAGTGAGCCGACACAGTGCCACTGCACTCCAGCCTCGGTGACAGAGTGAGACTCCGTCTCAAAAAAAAAAAAAATC	GTATGACAAATATTAAATAAAACACCTTTGTTATTCAAATGTTAGTCAACTTTACATATGTCAAACTTGTGTTTTCAGTAAAGCCTCACTGAAGGCTATCAAAGGTTATCTAACTATGGTGTTTCAGGAGTAACAACAACAAAATTTAAAATACAATAAAAAAGAGAAAAAGAAAAAAAGGTTATCTAAATAGATAGAAGGCTACATCATTTTTCTAAAGGGAAAGCAATGCTGAAAGGAGTCAATGTTCTCTCAAATTAACTTAAAAACTTAATGTATTACCTAGCAACAATCACAATATTATGTTTGGAACTTGATAAACAAAAATATCAGGAAACTATAAAAAAAGATGCTCAAGCCTGTAATCCCAGCTACTTGGGAGGCTGAAGCAAGAGAACTGCTTGAACCCAGGGGATGGAGGTTGCAGTGAGCCGACACAGTGCCACTGCACTCCAGCCTCGGTGACAGAGTGAGACTCCGTCTCAAAAAAAAAAAAAATC	chr8_90995426_C_T__NBN_haplotype_REF
chr9	UBAC1	chr9_138824899_C_T	rs186876435	138824648	138825149	NA	AACACGAGGCTTTGCCAACCAAACATGGCCACAAGGCCTCCCACATGCTGCGGTGGCCCCGGTGCCCGCCCCGGGTCAGAGCAGCCGGCACGGAGCCGCGGGGATGTGGCCTCTCGGGGACGCACGGGTTTCTTGTGCGGCACCAAGAAAAGACGAAGACAGGAAATAGGAAAAGGGACTTTATTAAAGAAAAGTCATCTGTGAGTGACTAGTTAAATTAGCATGCTTGACATTAACTCTGGGTTGAAACCTACCTCCGTCAAATAACAAGTGGACTCTCCAAGCAAATGTCTACACGGCAATTCAAGCAGCAACTCAAGAGCCCAGAGGAGCACTGGAGACGAGGCCATCACTCCACTTCCCAGTGCGACAACCACTTTTTTGTAAACACCTGTCAGATGCTAAAAATACGGCCTTACACACTACCGTCACCAAAGTTTATAAGCAATAAGATCAGAGAGCAGGAGCAGCTGCAGCACCTCTAACAGTCCAGGGCTGAGG	AACACGAGGCTTTGCCAACCAAACATGGCCACAAGGCCTCCCACATGCTGCGGTGGCCCCGGTGCCCGCCCCGGGTCAGAGCAGCCGGCACGGAGCCGCGGGGATGTGGCCTCTCGGGGACGCACGGGTTTCTTGTGCGGCACCAAGAAAAGACGAAGACAGGAAATAGGAAAAGGGACTTTATTAAAGAAAAGTCATCTGTGAGTGACTAGTTAAATTAGCATGCTTGACATTAACTCTGGGTTGAAACTTACCTCCGTCAAATAACAAGTGGACTCTCCAAGCAAATGTCTACACGGCAATTCAAGCAGCAACTCAAGAGCCCAGAGGAGCACTGGAGACGAGGCCATCACTCCACTTCCCAGTGCGACAACCACTTTTTTGTAAACACCTGTCAGATGCTAAAAATACGGCCTTACACACTACCGTCACCAAAGTTTATAAGCAATAAGATCAGAGAGCAGGAGCAGCTGCAGCACCTCTAACAGTCCAGGGCTGAGG	chr9_138824899_C_T__UBAC1_haplotype_REF
chr9	UGCG	chr9_114663385_T_C	rs148125759	114663134	114663635	NA	ATTTTGTTTATTGTTATTTTTTTGAGACAGTCCTCTCTGTTGCCCAGGCTGGAATGCAGTGGCTCGATCACGGCTTCACATCCCAGGCTCGAGCAATTCTCCCACCTCAGCCTCCCAAGTAGCTGGGACTACCGGTGCATGCCATCACGCCCAGCTAATTTTTGTCACCCAGGCTGGTCTCAAACTCCTGGGCTCAAGTGATCCCCCCACCTTGGCCTCCTGAAGTTCTGGGATTACGGGCGTGAGCCACTGCGCCCAACCCAAATATGCTATCTCTAATGTACAGCAACTTCAATACCTGATGCACAGTTTTTGAATGGAATTTGCATACTCATTGTGTCAGGATAACTGCGATAAACTACCCGTCAAAAACTGGTTATGTTTTTCATGTAAATTTTAGCATTTGGGATATTATTTTTAGTTAGTACGATCTTTGCCTTAAATTCATGAATACTTGGTGTTCCAAGCCTTAGTGGAATGTAAATTGAGAACGTCTTTTTT	ATTTTGTTTATTGTTATTTTTTTGAGACAGTCCTCTCTGTTGCCCAGGCTGGAATGCAGTGGCTCGATCACGGCTTCACATCCCAGGCTCGAGCAATTCTCCCACCTCAGCCTCCCAAGTAGCTGGGACTACCGGTGCATGCCATCACGCCCAGCTAATTTTTGTCACCCAGGCTGGTCTCAAACTCCTGGGCTCAAGTGATCCCCCCACCTTGGCCTCCTGAAGTTCTGGGATTACGGGCGTGAGCCACCGCGCCCAACCCAAATATGCTATCTCTAATGTACAGCAACTTCAATACCTGATGCACAGTTTTTGAATGGAATTTGCATACTCATTGTGTCAGGATAACTGCGATAAACTACCCGTCAAAAACTGGTTATGTTTTTCATGTAAATTTTAGCATTTGGGATATTATTTTTAGTTAGTACGATCTTTGCCTTAAATTCATGAATACTTGGTGTTCCAAGCCTTAGTGGAATGTAAATTGAGAACGTCTTTTTT	chr9_114663385_T_C__UGCG_haplotype_REF
